map_label,metric,freguesia_id,freguesia_name,value,standardized_value,spatial_lag_standardized,local_i,neighbor_count,permutation_p_two_sided,fdr_q,significant_fdr,quadrant,cluster_class,status
1,housing_change_pct,110601,Ajuda,46.674691543785734,-0.12298952357650095,0.16988995009248511,-0.02089468402231027,3,0.7684,0.7849,False,LH,not_significant,ok
2,housing_change_pct,110602,Alcântara,49.91953653041519,0.053349284638442136,0.2922173061117452,0.01558958424003427,6,0.4372,0.6172235294117646,False,HH,not_significant,ok
3,housing_change_pct,110607,Beato,87.01075268817205,2.0690452206392766,0.4099200709499898,0.8481431636431895,3,0.4146,0.6172235294117646,False,HH,not_significant,ok
4,housing_change_pct,110608,Benfica,61.88720973092518,0.7037240291885535,0.1847869178499788,0.1300389943707213,6,0.6236,0.7849,False,HH,not_significant,ok
5,housing_change_pct,110610,Campolide,73.62780123416694,1.3417581793408722,-0.10855576939978683,-0.14565559150680554,6,0.767,0.7849,False,HL,not_significant,ok
6,housing_change_pct,110611,Carnide,52.387495705942975,0.18746878234294037,0.504516809460876,0.09458115194117568,3,0.3628,0.6172235294117646,False,HH,not_significant,ok
7,housing_change_pct,110618,Lumiar,65.74344023323616,0.913288151290415,0.17946091164673897,0.16389952422674273,5,0.67,0.7849,False,HH,not_significant,ok
8,housing_change_pct,110621,Marvila,79.79978548444763,1.677170302724435,0.48708868899925717,0.8169306839825323,5,0.223,0.6168,False,HH,not_significant,ok
9,housing_change_pct,110633,Olivais,70.88709677419355,1.1928165318561643,0.4770301837831742,0.5690094894109545,5,0.256,0.6168,False,HH,not_significant,ok
10,housing_change_pct,110639,São Domingos de Benfica,47.034025895814516,-0.10346175209634055,0.3006207516337619,-0.031102749680547836,6,0.4243,0.6172235294117646,False,LH,not_significant,ok
11,housing_change_pct,110654,Alvalade,37.832539904788575,-0.6035100071439389,0.42394813990551605,-0.25585694494303757,6,0.257,0.6168,False,LH,not_significant,ok
12,housing_change_pct,110655,Areeiro,41.63036714374611,-0.3971197691253065,0.2952817094812082,-0.11726220429610322,6,0.4347,0.6172235294117646,False,LH,not_significant,ok
13,housing_change_pct,110656,Arroios,38.233496332518335,-0.5817203133670938,-0.8328513247704171,0.4844865336336463,6,0.0183,0.21960000000000002,False,LL,not_significant,ok
14,housing_change_pct,110657,Avenidas Novas,35.339276869737496,-0.7390046252162706,-0.20472831437950956,0.1512951712391883,6,0.58,0.7733333333333332,False,LL,not_significant,ok
15,housing_change_pct,110658,Belém,44.3853262391487,-0.2474034635495403,0.21136126341683156,-0.05229150862953087,3,0.7089,0.7849,False,LH,not_significant,ok
16,housing_change_pct,110659,Campo de Ourique,54.796320630749015,0.31837467097214445,-0.337642675317644,-0.10749687566040951,5,0.4198,0.6172235294117646,False,HL,not_significant,ok
17,housing_change_pct,110660,Estrela,44.518613607188705,-0.2401600557050578,-0.5290402017888801,0.12705432433183247,3,0.3522,0.6172235294117646,False,LL,not_significant,ok
18,housing_change_pct,110661,Misericórdia,12.892763024528684,-1.958844560977227,-0.7963967165995155,1.560017376691083,4,0.0756,0.3024,False,LL,not_significant,ok
19,housing_change_pct,110662,Parque das Nações,52.14354527938343,0.17421146877009044,1.4349934172902996,0.24999231090155438,2,0.0453,0.3024,False,HH,not_significant,ok
20,housing_change_pct,110663,Penha de França,48.01244382993433,-0.05029032074915911,0.1358283465700646,-0.006830851115836494,4,0.7849,0.7849,False,LH,not_significant,ok
21,housing_change_pct,110664,Santa Clara,53.059548254620125,0.2239910032748695,1.0530523415732898,0.23587425048995175,2,0.1498,0.5136,False,HH,not_significant,ok
22,housing_change_pct,110665,Santa Maria Maior,5.152471083070452,-2.379485257779899,-0.9929432125240472,2.3626937360135836,4,0.0178,0.21960000000000002,False,LL,not_significant,ok
23,housing_change_pct,110666,Santo António,32.66536964980545,-0.8843162238852498,-0.666486984504579,0.5893852534057563,6,0.061,0.3024,False,LL,not_significant,ok
24,housing_change_pct,110667,São Vicente,38.874383521903106,-0.546891751866618,-1.003831963965384,0.5489874213527366,3,0.07,0.3024,False,LL,not_significant,ok
