year,period_end,freguesia_id,freguesia_name,nominal_eur_m2,cpi_index,cpi_conversion_to_baseline,cpi_adjusted_eur_m2,nominal_baseline_change_pct,cpi_adjusted_baseline_change_pct,cpi_adjusted_q4_yoy_pct
2019,2019-12-31,110601,Ajuda,3323,83.775,1,3323,0,0,
2019,2019-12-31,110602,Alcântara,3107,83.775,1,3107,0,0,
2019,2019-12-31,110607,Beato,2325,83.775,1,2325,0,0,
2019,2019-12-31,110608,Benfica,2713,83.775,1,2713,0,0,
2019,2019-12-31,110610,Campolide,3079,83.775,1,3079,0,0,
2019,2019-12-31,110611,Carnide,2911,83.775,1,2911,0,0,
2019,2019-12-31,110618,Lumiar,2744,83.775,1,2744,0,0,
2019,2019-12-31,110621,Marvila,2797,83.775,1,2797,0,0,
2019,2019-12-31,110633,Olivais,2480,83.775,1,2480,0,0,
2019,2019-12-31,110639,São Domingos de Benfica,3321,83.775,1,3321,0,0,
2019,2019-12-31,110654,Alvalade,3571,83.775,1,3571,0,0,
2019,2019-12-31,110655,Areeiro,3214,83.775,1,3214,0,0,
2019,2019-12-31,110656,Arroios,3272,83.775,1,3272,0,0,
2019,2019-12-31,110657,Avenidas Novas,4038,83.775,1,4038,0,0,
2019,2019-12-31,110658,Belém,3571,83.775,1,3571,0,0,
2019,2019-12-31,110659,Campo de Ourique,3805,83.775,1,3805,0,0,
2019,2019-12-31,110660,Estrela,3895,83.775,1,3895,0,0,
2019,2019-12-31,110661,Misericórdia,4933,83.775,1,4933,0,0,
2019,2019-12-31,110662,Parque das Nações,4152,83.775,1,4152,0,0,
2019,2019-12-31,110663,Penha de França,2893,83.775,1,2893,0,0,
2019,2019-12-31,110664,Santa Clara,2435,83.775,1,2435,0,0,
2019,2019-12-31,110665,Santa Maria Maior,4755,83.775,1,4755,0,0,
2019,2019-12-31,110666,Santo António,5140,83.775,1,5140,0,0,
2019,2019-12-31,110667,São Vicente,3447,83.775,1,3447,0,0,
2020,2020-12-31,110601,Ajuda,3063,83.764,1.000131321331359533928656702,3063.402237237954252423475479,-7.824255191092386397833283178,-7.812150549565024001701008757,-7.812150549565024001701008760
2020,2020-12-31,110602,Alcântara,3279,83.764,1.000131321331359533928656702,3279.430602645527911752065326,5.535886707434824589636305117,5.549745820583453870359360348,5.549745820583453870359360300
2020,2020-12-31,110607,Beato,2478,83.764,1.000131321331359533928656702,2478.325414259108925075211308,6.580645161290322580645161290,6.594641473510061293557475613,6.594641473510061293557475600
2020,2020-12-31,110608,Benfica,2758,83.764,1.000131321331359533928656702,2758.362184231889594575235185,1.658680427570954662734979727,1.672030380828956674354411537,1.672030380828956674354411500
2020,2020-12-31,110610,Campolide,3466,83.764,1.000131321331359533928656702,3466.455159734492144596724130,12.56901591425787593374472231,12.58379862729756884042624651,12.58379862729756884042624650
2020,2020-12-31,110611,Carnide,3324,83.764,1.000131321331359533928656702,3324.436512105439090778854878,14.18756441085537615939539677,14.20255967383851222187752930,14.20255967383851222187752930
2020,2020-12-31,110618,Lumiar,2883,83.764,1.000131321331359533928656702,2883.378599398309536316317272,5.065597667638483965014577259,5.079395021804283393451795627,5.079395021804283393451795600
2020,2020-12-31,110621,Marvila,2763,83.764,1.000131321331359533928656702,2763.362840838546392244878468,-1.215588130139435109045405792,-1.202615629655116473189901037,-1.202615629655116473189901040
2020,2020-12-31,110633,Olivais,2511,83.764,1.000131321331359533928656702,2511.329747863043789694856979,1.2500,1.263296284800152810276491089,1.263296284800152810276491100
2020,2020-12-31,110639,São Domingos de Benfica,3443,83.764,1.000131321331359533928656702,3443.452139343870875316365026,3.673592291478470340258958145,3.687206845645012806876393436,3.687206845645012806876393400
2020,2020-12-31,110654,Alvalade,3563,83.764,1.000131321331359533928656702,3563.467897903634019387803830,-0.2240268832259871184542145057,-0.2109241695985992890561795015,-0.2109241695985992890561795000
2020,2020-12-31,110655,Areeiro,3320,83.764,1.000131321331359533928656702,3320.435986820113652643140251,3.298070939639079029247044182,3.311636179841744015032366241,3.311636179841744015032366200
2020,2020-12-31,110656,Arroios,3604,83.764,1.000131321331359533928656702,3604.473282078219760278878755,10.14669926650366748166259169,10.16116387769620294250851941,10.16116387769620294250851940
2020,2020-12-31,110657,Avenidas Novas,4010,83.764,1.000131321331359533928656702,4010.526598538751731053913376,-0.6934125804853888063397721644,-0.6803715072126862047074448737,-0.6803715072126862047074448700
2020,2020-12-31,110658,Belém,3853,83.764,1.000131321331359533928656702,3853.505981089728284227114273,7.896947633716045925511061327,7.911116804528935430610872949,7.911116804528935430610872900
2020,2020-12-31,110659,Campo de Ourique,3622,83.764,1.000131321331359533928656702,3622.475645862184231889594575,-4.809461235216819973718791064,-4.796960686933397322218276610,-4.796960686933397322218276610
2020,2020-12-31,110660,Estrela,4097,83.764,1.000131321331359533928656702,4097.538023494580010505706509,5.186136071887034659820282413,5.199949255316559961635597150,5.199949255316559961635597200
2020,2020-12-31,110661,Misericórdia,4710,83.764,1.000131321331359533928656702,4710.618523470703404803973067,-4.520575714575309142509629029,-4.508037229460705355686740989,-4.508037229460705355686740990
2020,2020-12-31,110662,Parque das Nações,4018,83.764,1.000131321331359533928656702,4018.527649109402607325342629,-3.227360308285163776493256262,-3.214651996401671307193096604,-3.214651996401671307193096600
2020,2020-12-31,110663,Penha de França,3033,83.764,1.000131321331359533928656702,3033.398297598013466405615778,4.839267196681645350846871759,4.853034828828671496910327618,4.853034828828671496910327600
2020,2020-12-31,110664,Santa Clara,2259,83.764,1.000131321331359533928656702,2259.296654887541187144835490,-7.227926078028747433264887064,-7.215743125768329070027289938,-7.215743125768329070027289940
2020,2020-12-31,110665,Santa Maria Maior,5682,83.764,1.000131321331359533928656702,5682.746167804784871782627382,19.49526813880126182965299685,19.51096041650441370731077565,19.51096041650441370731077560
2020,2020-12-31,110666,Santo António,5503,83.764,1.000131321331359533928656702,5503.722661286471515209397832,7.062256809338521400778210117,7.076316367441080062439646537,7.076316367441080062439646500
2020,2020-12-31,110667,São Vicente,3506,83.764,1.000131321331359533928656702,3506.460412587746525953870398,1.711633304322599361763852625,1.724990211422875716677412185,1.724990211422875716677412200
2021,2021-12-31,110601,Ajuda,3333,84.825,0.9876215738284703801945181256,3291.742705570291777188328912,0.3009328919650917845320493530,-0.9406348007736449837999123683,7.453819337098069915794256300
2021,2021-12-31,110602,Alcântara,3309,84.825,0.9876215738284703801945181256,3268.039787798408488063660477,6.501448342452526552944962987,5.183128026984502351582249018,-0.3473412377725088707200579000
2021,2021-12-31,110607,Beato,2762,84.825,0.9876215738284703801945181256,2727.810786914235190097259063,18.79569892473118279569892473,17.32519513609613720848426077,10.06669145301524027415319060
2021,2021-12-31,110608,Benfica,2897,84.825,0.9876215738284703801945181256,2861.139699381078691423519010,6.782159970512347954294139329,5.460364886880895371305529303,3.726034084164663545024126100
2021,2021-12-31,110610,Campolide,3374,84.825,0.9876215738284703801945181256,3332.235190097259062776304156,9.581032802858070802208509256,8.224592078507926689714327899,-3.871966128288630626613395180
2021,2021-12-31,110611,Carnide,3490,84.825,0.9876215738284703801945181256,3446.799292661361626878868258,19.89007214015802129852284438,18.40602173347171511091955541,3.680707395384352934458748000
2021,2021-12-31,110618,Lumiar,3211,84.825,0.9876215738284703801945181256,3171.252873563218390804597701,17.01895043731778425655976676,15.57043999865956234710633021,9.983922133048402379917683700
2021,2021-12-31,110621,Marvila,3335,84.825,0.9876215738284703801945181256,3293.717948717948717948717949,19.23489452985341437254200930,17.75895419084550296563167497,19.19238038673434981795459540
2021,2021-12-31,110633,Olivais,2805,84.825,0.9876215738284703801945181256,2770.278514588859416445623342,13.10483870967741935483870968,11.70477881406691195345255411,10.31122125424436634423039070
2021,2021-12-31,110639,São Domingos de Benfica,3362,84.825,0.9876215738284703801945181256,3320.383731211317418213969938,1.234567901234567901234567901,-0.01855672353756644944384408311,-3.573983408289897217957149670
2021,2021-12-31,110654,Alvalade,3808,84.825,0.9876215738284703801945181256,3760.862953138815207780725022,6.636796415569868384206104733,5.316800703971302374145198040,5.539408825636046014069183200
2021,2021-12-31,110655,Areeiro,3500,84.825,0.9876215738284703801945181256,3456.675508399646330680813439,8.898568761667703795892968264,7.550575868066158390815601711,4.103061228113159978552583400
2021,2021-12-31,110656,Arroios,3450,84.825,0.9876215738284703801945181256,3407.294429708222811671087533,5.440097799511002444987775061,4.134915333380892777233726559,-5.470392951735521294249144550
2021,2021-12-31,110657,Avenidas Novas,4243,84.825,0.9876215738284703801945181256,4190.478337754199823165340407,5.076770678553739474987617632,3.776085630366513698993075953,4.486985307141812430315311000
2021,2021-12-31,110658,Belém,3824,84.825,0.9876215738284703801945181256,3776.664898320070733863837312,7.084850182021842621114533744,5.759308269954375073196228283,-1.994056403356814142856367000
2021,2021-12-31,110659,Campo de Ourique,3988,84.825,0.9876215738284703801945181256,3938.634836427939876215738285,4.809461235216819973718791064,3.512085057238892936024659264,8.727710590046125757011341300
2021,2021-12-31,110660,Estrela,4061,84.825,0.9876215738284703801945181256,4010.731211317418213969938108,4.261874197689345314505776637,2.971276285427938741205086213,-2.118511449544248985387581330
2021,2021-12-31,110661,Misericórdia,4375,84.825,0.9876215738284703801945181256,4320.844385499557913351016799,-11.31157510642610987228866815,-12.40939822624046394990843708,-8.274372803254859042251969990
2021,2021-12-31,110662,Parque das Nações,4431,84.825,0.9876215738284703801945181256,4376.151193633952254641909814,6.719653179190751445086705202,5.398631831260892452839831744,8.899367523421350166514169900
2021,2021-12-31,110663,Penha de França,3156,84.825,0.9876215738284703801945181256,3116.933687002652519893899204,9.090909090909090909090909091,7.740535326742223293947431870,2.753854957681827629643039400
2021,2021-12-31,110664,Santa Clara,2501,84.825,0.9876215738284703801945181256,2470.041556145004420866489832,2.710472279260780287474332649,1.439078281109011123880485914,9.327898609576495733019065000
2021,2021-12-31,110665,Santa Maria Maior,4157,84.825,0.9876215738284703801945181256,4105.542882404951370468611848,-12.57623554153522607781282860,-13.65840415552152743493981392,-27.75424484618673163260426123
2021,2021-12-31,110666,Santo António,5435,84.825,0.9876215738284703801945181256,5367.723253757736516357206012,5.739299610894941634241245136,4.430413497232227944692723969,-2.471043980565432814049556020
2021,2021-12-31,110667,São Vicente,3409,84.825,0.9876215738284703801945181256,3366.801945181255526083112290,-1.102407890919640266898752538,-2.326604433383941802056504497,-3.982890179085863331589869350
2022,2022-12-31,110601,Ajuda,4068,91.469,0.9158840700127912188829002176,3725.816396812034678415638085,22.41950045139933794763767680,12.12207032236035746059699323,13.18674422843567851739748750
2022,2022-12-31,110602,Alcântara,3732,91.469,0.9158840700127912188829002176,3418.079349287736828870983612,20.11586739620212423559703894,10.01220950395033243871849411,4.591117955464244944759658600
2022,2022-12-31,110607,Beato,3009,91.469,0.9158840700127912188829002176,2755.895166668488777618646755,29.41935483870967741935483871,18.53312544810704419865147333,1.029557471103899756274386300
2022,2022-12-31,110608,Benfica,3288,91.469,0.9158840700127912188829002176,3011.426822202057527686975915,21.19424990785108735716918540,10.99988286775000102052988997,5.252701322255915152370131900
2022,2022-12-31,110610,Campolide,3559,91.469,0.9158840700127912188829002176,3259.631405175523948004241874,15.58947710295550503410198116,5.866560739705227281722698084,-2.178831348324366138850051950
2022,2022-12-31,110611,Carnide,3649,91.469,0.9158840700127912188829002176,3342.060971476675157703702894,25.35211267605633802816901408,14.80800314244847673320861883,-3.038712506634389511332083910
2022,2022-12-31,110618,Lumiar,3371,91.469,0.9158840700127912188829002176,3087.445200013119198854256633,22.84985422740524781341107872,12.51622449027402328186066447,-2.642730709012584206423246520
2022,2022-12-31,110621,Marvila,5440,91.469,0.9158840700127912188829002176,4982.409340869584230722977184,94.49410082230961744726492671,78.13404865461509584279503697,51.27006678908083375360718550
2022,2022-12-31,110633,Olivais,3175,91.469,0.9158840700127912188829002176,2907.931922290612119953208191,28.02419354838709677419354839,17.25531944720210161101645931,4.968937490466803194419686800
2022,2022-12-31,110639,São Domingos de Benfica,3758,91.469,0.9158840700127912188829002176,3441.892335108069400561939018,13.15868714242697982535380909,3.640238937310129495993345920,3.659474739458024251123942800
2022,2022-12-31,110654,Alvalade,4271,91.469,0.9158840700127912188829002176,3911.740863024631295848866829,19.60235228227387286474376925,9.541889191392643400976388379,4.011789628225974709161233900
2022,2022-12-31,110655,Areeiro,3793,91.469,0.9158840700127912188829002176,3473.948277558517093222840525,18.01493466085874299937772246,8.087998679480930094052287648,0.499693104455373639468797400
2022,2022-12-31,110656,Arroios,3870,91.469,0.9158840700127912188829002176,3544.471350949502017076823842,18.27628361858190709046454768,8.327364026574022526797794682,4.025977915064595417692000200
2022,2022-12-31,110657,Avenidas Novas,4339,91.469,0.9158840700127912188829002176,3974.020979785501098732904044,7.454185240217929668152550768,-1.584423482280804885267358990,-5.165457031922149670141532320
2022,2022-12-31,110658,Belém,4265,91.469,0.9158840700127912188829002176,3906.245558604554548535569428,19.43433211985438252590310837,9.388002201191670359439076673,3.431087050961912193677799500
2022,2022-12-31,110659,Campo de Ourique,4760,91.469,0.9158840700127912188829002176,4359.608173260886201882605036,25.09855453350854139290407359,14.57577327886691726366898912,10.68830582971075927714267010
2022,2022-12-31,110660,Estrela,4448,91.469,0.9158840700127912188829002176,4073.852343416895341591140168,14.19768934531450577663671374,4.591844503643012621081904185,1.573806091052995783407325000
2022,2022-12-31,110661,Misericórdia,4449,91.469,0.9158840700127912188829002176,4074.768227486908132810023068,-9.811473748226231502128522197,-17.39776550806997500891905396,-5.695094200533201724862287450
2022,2022-12-31,110662,Parque das Nações,4690,91.469,0.9158840700127912188829002176,4295.496288359990816560802020,12.95761078998073217726396917,3.456076309248333732196580443,-1.843055728771237286048120620
2022,2022-12-31,110663,Penha de França,3246,91.469,0.9158840700127912188829002176,2972.959691261520296493894106,12.20186657449014863463532665,2.763902221276194140819015071,-4.619090753887113450766236450
2022,2022-12-31,110664,Santa Clara,2622,91.469,0.9158840700127912188829002176,2401.448031573538575910964370,7.679671457905544147843942505,-1.377904247493282303451155236,-2.777019050583092479917587040
2022,2022-12-31,110665,Santa Maria Maior,4392,91.469,0.9158840700127912188829002176,4022.562835496179033333697756,-7.634069400630914826498422713,-15.40351555213083000349741838,-2.021171116355850962944961690
2022,2022-12-31,110666,Santo António,5753,91.469,0.9158840700127912188829002176,5269.081054783587882233324952,11.92607003891050583657587549,2.511304567774083311932392062,-1.837691593080791303326930850
2022,2022-12-31,110667,São Vicente,4200,91.469,0.9158840700127912188829002176,3846.713094053723119308180914,21.84508268059181897302001741,11.59597023654549229208531807,14.25421384110050592650379660
2023,2023-12-31,110601,Ajuda,3704,95.412,0.8780342095333920261602314174,3252.238712111684064897497170,11.46554318386999699067108035,-2.129439900340533707568547397,-12.71070912419526664075410101
2023,2023-12-31,110602,Alcântara,4253,95.412,0.8780342095333920261602314174,3734.279493145516287259464218,36.88445445767621499839073061,20.18923376715533592724377914,9.250813440702293688894496600
2023,2023-12-31,110607,Beato,3096,95.412,0.8780342095333920261602314174,2718.393912715381712992076468,33.16129032258064516129032258,16.92016828883362206417533196,-1.360764894349776729426862190
2023,2023-12-31,110608,Benfica,3827,95.412,0.8780342095333920261602314174,3360.236919884291284115205635,41.06155547364541098415038703,23.85687135585297766735000498,11.58288473459142438024954760
2023,2023-12-31,110610,Campolide,4167,95.412,0.8780342095333920261602314174,3658.768551125644573009684316,35.33614810003247807729782397,18.82976781830609201070751270,12.24485521020521557139332870
2023,2023-12-31,110611,Carnide,4310,95.412,0.8780342095333920261602314174,3784.327443088919632750597409,48.05908622466506355204397114,30.00094273751012135866016520,13.23334539336159839986391480
2023,2023-12-31,110618,Lumiar,3632,95.412,0.8780342095333920261602314174,3189.020249025279839013960508,32.36151603498542274052478134,16.21793910441981920604812347,3.289938523013429568974599100
2023,2023-12-31,110621,Marvila,5833,95.412,0.8780342095333920261602314174,5121.573544208275688592629858,108.5448695030389703253485878,83.10952964634521589533892950,2.793110598062643495330467700
2023,2023-12-31,110633,Olivais,3487,95.412,0.8780342095333920261602314174,3061.705288642937995220726953,40.60483870967741935483870968,23.45585841302169335567447391,5.288066243008769923128241900
2023,2023-12-31,110639,São Domingos de Benfica,3966,95.412,0.8780342095333920261602314174,3482.283675009432775751477802,19.42186088527551942186088528,4.856479223409598788060156640,1.173521306560426090378341200
2023,2023-12-31,110654,Alvalade,4520,95.412,0.8780342095333920261602314174,3968.714627090931958244246007,26.57518902268272192663119574,11.13734604007090333923959695,1.456481041595569318801298000
2023,2023-12-31,110655,Areeiro,4470,95.412,0.8780342095333920261602314174,3924.812916614262356936234436,39.07902924704418170504044804,22.11614550759994887791644169,12.97844996623300048680053010
2023,2023-12-31,110656,Arroios,4163,95.412,0.8780342095333920261602314174,3655.256414287511004905043391,27.23105134474327628361858191,11.71321559558407716702455351,3.125573671468147225182321000
2023,2023-12-31,110657,Avenidas Novas,4554,95.412,0.8780342095333920261602314174,3998.567790215067287133693875,12.77860326894502228826151560,-0.9765282264718353854954463843,0.617681953729673299431476900
2023,2023-12-31,110658,Belém,4483,95.412,0.8780342095333920261602314174,3936.227361338196453276317444,25.53906468776253150378045365,10.22759342868094240482546749,0.767535022666430558526976200
2023,2023-12-31,110659,Campo de Ourique,4769,95.412,0.8780342095333920261602314174,4187.345145264746572758143630,25.33508541392904073587385020,10.04849264821935802255305204,-3.951341981894002727490191150
2023,2023-12-31,110660,Estrela,5051,95.412,0.8780342095333920261602314174,4434.950792353163124135328889,29.67907573812580231065468549,13.86266475874616493287108829,8.863807975754976448975393900
2023,2023-12-31,110661,Misericórdia,5288,95.412,0.8780342095333920261602314174,4643.044900012577034335303735,7.196432191364281370362862356,-5.877865396055604412420358099,13.94623303215826215558306920
2023,2023-12-31,110662,Parque das Nações,5077,95.412,0.8780342095333920261602314174,4457.779681801031316815494906,22.27842003853564547206165703,7.364635881527729210392459200,3.777989376473186826526404600
2023,2023-12-31,110663,Penha de França,3570,95.412,0.8780342095333920261602314174,3134.582128034209533392026160,23.40131351538195644659522987,8.350574767860682108262224680,5.436415342184062843945661300
2023,2023-12-31,110664,Santa Clara,2783,95.412,0.8780342095333920261602314174,2443.569205131430008803924035,14.29158110882956878850102669,0.3519180752127313677176195072,1.753990634154665160364542800
2023,2023-12-31,110665,Santa Maria Maior,4928,95.412,0.8780342095333920261602314174,4326.952584580555904917620425,3.638275499474237644584647739,-9.002048694415228077442262355,7.567060143805825862521483800
2023,2023-12-31,110666,Santo António,6458,95.412,0.8780342095333920261602314174,5670.344925166645704942774494,25.64202334630350194552529183,10.31799465304758180822518471,7.615443114483243880005546200
2023,2023-12-31,110667,São Vicente,4052,95.412,0.8780342095333920261602314174,3557.794617029304490001257703,17.55149405279953582825645489,3.214233160119074267515454105,-7.510788300563171648569711720
2024,2024-12-31,110601,Ajuda,4082,97.717,0.8573226767092726956414953386,3499.591166327251143608583972,22.84080650015046644598254589,5.314209037834822257255009690,7.605605741497391937412775100
2024,2024-12-31,110602,Alcântara,4363,97.717,0.8573226767092726956414953386,3740.498838482556771083844162,40.42484711940778886385580946,20.38940580890108693543109630,0.166547398191711362457575100
2024,2024-12-31,110607,Beato,3982,97.717,0.8573226767092726956414953386,3413.858898656323874044434438,71.26881720430107526881720430,46.83264080242253221696492206,25.58367213404505480269593580
2024,2024-12-31,110608,Benfica,3971,97.717,0.8573226767092726956414953386,3404.428349212521874392377990,46.36933284187246590490232215,25.48574822014455858431175783,1.315128378797537539005300300
2024,2024-12-31,110610,Campolide,4773,97.717,0.8573226767092726956414953386,4092.001135933358576296857251,55.01786294251380318285157519,32.90032919562710543348026148,11.84093988876194713207494710
2024,2024-12-31,110611,Carnide,4197,97.717,0.8573226767092726956414953386,3598.183274148817503607355936,44.17725867399519065613191343,23.60643332699476137435094249,-4.918817722288951899475228280
2024,2024-12-31,110618,Lumiar,3885,97.717,0.8573226767092726956414953386,3330.698599015524422567209390,41.58163265306122448979591837,21.38114427899141481658926348,4.442692078657963960387451700
2024,2024-12-31,110621,Marvila,5623,97.717,0.8573226767092726956414953386,4820.725411136240367592128289,101.0368251698248122988916696,72.35342907172829344269318159,-5.874134784459924692420046350
2024,2024-12-31,110633,Olivais,3523,97.717,0.8573226767092726956414953386,3020.347790046767706744988078,42.05645161290322580645161290,21.78821734059547204616887411,-1.350799462952277642249058780
2024,2024-12-31,110639,São Domingos de Benfica,4198,97.717,0.8573226767092726956414953386,3599.040596825526776302997431,26.40770852152965974104185486,8.372195026363347675489233092,3.352883702554121486114994700
2024,2024-12-31,110654,Alvalade,4647,97.717,0.8573226767092726956414953386,3983.978478667990216646028838,30.13161579389526743209185102,11.56478517692495706093611980,0.384604412543681994446487600
2024,2024-12-31,110655,Areeiro,4853,97.717,0.8573226767092726956414953386,4160.586950070100391948176878,50.99564405724953329184816428,29.45198973460175457212746976,6.007268077868750280308846900
2024,2024-12-31,110656,Arroios,4271,97.717,0.8573226767092726956414953386,3661.625152225303683084826591,30.53178484107579462102689487,11.90785917558996586445069043,0.174235052646343109023346000
2024,2024-12-31,110657,Avenidas Novas,4680,97.717,0.8573226767092726956414953386,4012.270126999396215602198185,15.89895988112927191679049034,-0.6371934868896430014314466320,0.342681117420593574224445300
2024,2024-12-31,110658,Belém,4917,97.717,0.8573226767092726956414953386,4215.455601379493844469232580,37.69252310277233267992159059,18.04692246932214630269483562,7.093803645182943965175092400
2024,2024-12-31,110659,Campo de Ourique,5204,97.717,0.8573226767092726956414953386,4461.507209595055108118341742,36.76741130091984231274638633,17.25380314310263096237429020,6.547395899293000102381401800
2024,2024-12-31,110660,Estrela,5474,97.717,0.8573226767092726956414953386,4692.984332306558735941545483,40.53915275994865211810012837,20.48740262661254777770335001,5.818182704491390352254745600
2024,2024-12-31,110661,Misericórdia,5405,97.717,0.8573226767092726956414953386,4633.829067613618919942282305,9.568214068518143117778228259,-6.064685432523435638713109568,-0.1984868248621319737163744700
2024,2024-12-31,110662,Parque das Nações,5171,97.717,0.8573226767092726956414953386,4433.215561263649109162172396,24.54238921001926782273603083,6.773014481301760817971396821,-0.5510393579491083383618464400
2024,2024-12-31,110663,Penha de França,3649,97.717,0.8573226767092726956414953386,3128.370447312136066395816490,26.13204286208088489457310750,8.135860605327897213820134462,-0.1981661500114848890936380200
2024,2024-12-31,110664,Santa Clara,3416,97.717,0.8573226767092726956414953386,2928.614263638875528311348077,40.28747433264887063655030801,20.27163300364991902716008530,19.84985968430375791942332340
2024,2024-12-31,110665,Santa Maria Maior,5200,97.717,0.8573226767092726956414953386,4458.077918888218017335775761,9.358569926393270241850683491,-6.244418109606350844673485573,3.030431504494359473534028600
2024,2024-12-31,110666,Santo António,5879,97.717,0.8573226767092726956414953386,5040.200016373814177676351096,14.37743190661478599221789883,-1.941633922688440123028188794,-11.11299078114392142447949175
2024,2024-12-31,110667,São Vicente,4638,97.717,0.8573226767092726956414953386,3976.262574577606762385255380,34.55178416013925152306353351,15.35429575217890230302452509,11.76200434801139834868346420
2025,2025-12-31,110601,Ajuda,4874,100,0.83775,4083.1935,46.67469154378573578092085465,22.87672284080650015046644598,16.67630034296913277804997550
2025,2025-12-31,110602,Alcântara,4658,100,0.83775,3902.2395,49.91953653041519150305761184,25.59509172835532668168651432,4.324039880815952326380930600
2025,2025-12-31,110607,Beato,4348,100,0.83775,3642.537,87.01075268817204301075268817,56.66825806451612903225806452,6.698522350577599196383726800
2025,2025-12-31,110608,Benfica,4392,100,0.83775,3679.398,61.88720973092517508293402138,35.62100995208256542572797641,8.076822966507177033492823000
2025,2025-12-31,110610,Campolide,5346,100,0.83775,4478.6115,73.62780123416693731731081520,45.45669048392335173757713543,9.447953488372093023255814000
2025,2025-12-31,110611,Carnide,4436,100,0.83775,3716.259,52.38749570594297492270697355,27.66262452765372724149776709,3.281537288539432928282106300
2025,2025-12-31,110618,Lumiar,4548,100,0.83775,3810.087,65.74344023323615160349854227,38.85156705539358600583090379,14.39302857142857142857142860
2025,2025-12-31,110621,Marvila,5029,100,0.83775,4213.04475,79.79978548444762245262781552,50.62727028959599570968895245,-12.60558545260537079850613552
2025,2025-12-31,110633,Olivais,4238,100,0.83775,3550.3845,70.88709677419354838709677419,43.16066532258064516129032258,17.54886346863468634686346860
2025,2025-12-31,110639,São Domingos de Benfica,4883,100,0.83775,4090.73325,47.03402589581451370069256248,23.17775519421860885275519422,13.66177012863268222963315870
2025,2025-12-31,110654,Alvalade,4922,100,0.83775,4123.4055,37.83253990478857462895547466,15.46921030523662839540744889,3.499693135356143748655046300
2025,2025-12-31,110655,Areeiro,4552,100,0.83775,3813.438,41.63036714374611076540136901,18.65084007467330429371499689,-8.343749433340201936946218830
2025,2025-12-31,110656,Arroios,4523,100,0.83775,3789.14325,38.23349633251833740831295844,15.80511155256723716381418093,3.482554671037227815499882900
2025,2025-12-31,110657,Avenidas Novas,5465,100,0.83775,4578.30375,35.33927686973749380881624567,13.38047919762258543833580981,14.10756517094017094017094020
2025,2025-12-31,110658,Belém,5156,100,0.83775,4319.439,44.38532623914869784374124895,20.95880705684682161859423131,2.466717917429326825299979700
2025,2025-12-31,110659,Campo de Ourique,5890,100,0.83775,4934.3475,54.79632063074901445466491459,29.68061760840998685939553219,10.59821867794004611837048420
2025,2025-12-31,110660,Estrela,5629,100,0.83775,4715.69475,44.51861360718870346598202824,21.07046854942233632862644416,0.483922725611983924004384400
2025,2025-12-31,110661,Misericórdia,5569,100,0.83775,4665.42975,12.89276302452868437056557876,-5.424087776201094668558686398,0.681956151711378353376503200
2025,2025-12-31,110662,Parque das Nações,6317,100,0.83775,5292.06675,52.14354527938342967244701349,27.45825505780346820809248555,19.37309785341326629278669500
2025,2025-12-31,110663,Penha de França,4282,100,0.83775,3587.2455,48.01244382993432423090217767,23.99742481852748012443829934,14.66818141956700465881063310
2025,2025-12-31,110664,Santa Clara,3727,100,0.83775,3122.29425,53.05954825462012320328542094,28.22563655030800821355236140,6.613366217798594847775175600
2025,2025-12-31,110665,Santa Maria Maior,5000,100,0.83775,4188.750,5.152471083070452155625657203,-11.90851735015772870662460568,-6.041346153846153846153846160
2025,2025-12-31,110666,Santo António,6819,100,0.83775,5712.61725,32.66536964980544747081712062,11.14041342412451361867704280,13.34108232692634801837047120
2025,2025-12-31,110667,São Vicente,4787,100,0.83775,4010.30925,38.87438352190310414853495793,16.34201479547432550043516101,0.856248167313497197067701600
