freguesia_id,freguesia_name,baseline_year,latest_year,baseline_nominal_eur_m2,latest_nominal_eur_m2,latest_cpi_adjusted_eur_m2,nominal_change_pct,cpi_adjusted_change_pct
110601,Ajuda,2019,2025,3323,4874,4083.1935,46.67469154378573578092085465,22.87672284080650015046644598
110602,Alcântara,2019,2025,3107,4658,3902.2395,49.91953653041519150305761184,25.59509172835532668168651432
110607,Beato,2019,2025,2325,4348,3642.537,87.01075268817204301075268817,56.66825806451612903225806452
110608,Benfica,2019,2025,2713,4392,3679.398,61.88720973092517508293402138,35.62100995208256542572797641
110610,Campolide,2019,2025,3079,5346,4478.6115,73.62780123416693731731081520,45.45669048392335173757713543
110611,Carnide,2019,2025,2911,4436,3716.259,52.38749570594297492270697355,27.66262452765372724149776709
110618,Lumiar,2019,2025,2744,4548,3810.087,65.74344023323615160349854227,38.85156705539358600583090379
110621,Marvila,2019,2025,2797,5029,4213.04475,79.79978548444762245262781552,50.62727028959599570968895245
110633,Olivais,2019,2025,2480,4238,3550.3845,70.88709677419354838709677419,43.16066532258064516129032258
110639,São Domingos de Benfica,2019,2025,3321,4883,4090.73325,47.03402589581451370069256248,23.17775519421860885275519422
110654,Alvalade,2019,2025,3571,4922,4123.4055,37.83253990478857462895547466,15.46921030523662839540744889
110655,Areeiro,2019,2025,3214,4552,3813.438,41.63036714374611076540136901,18.65084007467330429371499689
110656,Arroios,2019,2025,3272,4523,3789.14325,38.23349633251833740831295844,15.80511155256723716381418093
110657,Avenidas Novas,2019,2025,4038,5465,4578.30375,35.33927686973749380881624567,13.38047919762258543833580981
110658,Belém,2019,2025,3571,5156,4319.439,44.38532623914869784374124895,20.95880705684682161859423131
110659,Campo de Ourique,2019,2025,3805,5890,4934.3475,54.79632063074901445466491459,29.68061760840998685939553219
110660,Estrela,2019,2025,3895,5629,4715.69475,44.51861360718870346598202824,21.07046854942233632862644416
110661,Misericórdia,2019,2025,4933,5569,4665.42975,12.89276302452868437056557876,-5.424087776201094668558686398
110662,Parque das Nações,2019,2025,4152,6317,5292.06675,52.14354527938342967244701349,27.45825505780346820809248555
110663,Penha de França,2019,2025,2893,4282,3587.2455,48.01244382993432423090217767,23.99742481852748012443829934
110664,Santa Clara,2019,2025,2435,3727,3122.29425,53.05954825462012320328542094,28.22563655030800821355236140
110665,Santa Maria Maior,2019,2025,4755,5000,4188.750,5.152471083070452155625657203,-11.90851735015772870662460568
110666,Santo António,2019,2025,5140,6819,5712.61725,32.66536964980544747081712062,11.14041342412451361867704280
110667,São Vicente,2019,2025,3447,4787,4010.30925,38.87438352190310414853495793,16.34201479547432550043516101
