year,indicator_code,geography_code,geography_name,quartile_code,quartile_name,value_eur_m2
2019,0013042,1A01106,Lisboa,1,1.º quartil,2491
2019,0013042,1A01106,Lisboa,2,2.º quartil,3286
2019,0013042,1A01106,Lisboa,3,3.º quartil,4306
2020,0013042,1A01106,Lisboa,1,1.º quartil,2586
2020,0013042,1A01106,Lisboa,2,2.º quartil,3415
2020,0013042,1A01106,Lisboa,3,3.º quartil,4552
2021,0013042,1A01106,Lisboa,1,1.º quartil,2750
2021,0013042,1A01106,Lisboa,2,2.º quartil,3531
2021,0013042,1A01106,Lisboa,3,3.º quartil,4500
2022,0013042,1A01106,Lisboa,1,1.º quartil,3015
2022,0013042,1A01106,Lisboa,2,2.º quartil,3872
2022,0013042,1A01106,Lisboa,3,3.º quartil,4977
2023,0013042,1A01106,Lisboa,1,1.º quartil,3308
2023,0013042,1A01106,Lisboa,2,2.º quartil,4167
2023,0013042,1A01106,Lisboa,3,3.º quartil,5376
2024,0013042,1A01106,Lisboa,1,1.º quartil,3498
2024,0013042,1A01106,Lisboa,2,2.º quartil,4340
2024,0013042,1A01106,Lisboa,3,3.º quartil,5575
2025,0013042,1A01106,Lisboa,1,1.º quartil,3966
2025,0013042,1A01106,Lisboa,2,2.º quartil,4875
2025,0013042,1A01106,Lisboa,3,3.º quartil,6051
