freguesia_id,freguesia_name,baseline_month,latest_month,population_reference_year,population_resident_2021,baseline_capacity,latest_capacity,capacity_change,capacity_change_pct,baseline_capacity_per_1000_2021_residents,latest_capacity_per_1000_2021_residents,capacity_change_per_1000_2021_residents,baseline_municipality_capacity_share_pct,latest_municipality_capacity_share_pct,capacity_share_change_pp,in_baseline_largest_capacity_cohort
110601,Ajuda,2019-11,2022-11,2021,14306,982,1505,523,53.25865580448065173116089613,68.64252761079267440234866490,105.2006151265203411156158255,36.55808751572766671326716063,0.8807806838158791662182039967,1.294980123560894181624189024,0.4141994397450150154059850273,False
110602,Alcântara,2019-11,2022-11,2021,13850,1747,2287,540,30.91013165426445334859759588,126.1371841155234657039711191,165.1263537906137184115523466,38.98916967509025270758122744,1.566928568865927600186560471,1.967853516666953483969780929,0.400924947801025883783220458,False
110607,Beato,2019-11,2022-11,2021,12183,499,651,152,30.46092184368737474949899800,40.95871296068291882130838053,53.43511450381679389312977099,12.47640154313387507182139046,0.4475657446274172137911240268,0.5601541929821542274002306011,0.1125884483547370136091065743,False
110608,Benfica,2019-11,2022-11,2021,35362,307,543,236,76.87296416938110749185667752,8.681635654091963124257677733,15.35546631977829308297042023,6.673830665686329958712742492,0.2753560793599540774225953432,0.4672253867731332495826808240,0.1918693074131791721600854808,False
110610,Campolide,2019-11,2022-11,2021,14787,876,1251,375,42.80821917808219178082191781,59.24122540068979509028200446,84.60133901399878271454656117,25.36011361330898762426455671,0.7857065977828005596814121193,1.076425338587826326386618252,0.2907187408050257667052061327,False
110611,Carnide,2019-11,2022-11,2021,18028,183,202,19,10.38251366120218579234972678,10.15087641446638562236520967,11.20479254493010871976924784,1.053916130463723097404038163,0.1641373372080508018512539016,0.1738112856872429399920838424,0.0096739484791921381408299408,False
110618,Lumiar,2019-11,2022-11,2021,46334,629,641,12,1.907790143084260731319554849,13.57534423965122803988431821,13.83433331894505115034316053,0.2589890792938231104588423188,0.5641660388189287123739819897,0.5515496738887263590837908069,-0.0126163649302023532901911828,False
110621,Marvila,2019-11,2022-11,2021,35479,381,515,134,35.17060367454068241469816273,10.73874686434228698666816990,14.51562896361227768539135827,3.776882099269990698723188365,0.3417285545151221612312991067,0.4431327333115352182966494003,0.1014041787964130570653502936,False
110633,Olivais,2019-11,2022-11,2021,32179,778,1014,236,30.33419023136246786632390746,24.17725846048665278597843314,31.51123403461885080331893471,7.333975574132198017340501569,0.6978079144691995838266422703,0.8724982360735858472869951298,0.1746903216043862634603528595,False
110639,São Domingos de Benfica,2019-11,2022-11,2021,34076,851,952,101,11.86839012925969447708578143,24.97358844934851508393003874,27.93755135579293344289235826,2.963962906444418358962319521,0.7632834642844329638000932802,0.8191502176943330637250684059,0.0558667534099000999249751257,False
110654,Alvalade,2019-11,2022-11,2021,33309,1458,1702,244,16.73525377229080932784636488,43.77195352607403404485274250,51.09730102975171875469092437,7.325347503677684709838181873,1.307717145624798191798514692,1.464489149701423187458052969,0.156772004076624995659538277,False
110655,Areeiro,2019-11,2022-11,2021,21160,1703,1975,272,15.97181444509688784497944803,80.48204158790170132325141777,93.33648393194706994328922495,12.85444234404536862003780718,1.527463853908800631435439314,1.699392520952003992496859351,0.171928667043203361061420037,False
110656,Arroios,2019-11,2022-11,2021,33302,15791,16379,588,3.723640048128680894180229245,474.1757251816707705242928353,491.8323223830400576541949432,17.65659720136928712990210798,14.16334804290890826247623148,14.09334182312550551549673889,-0.07000621978340274697949259,True
110657,Avenidas Novas,2019-11,2022-11,2021,23261,5298,5624,326,6.153265383163457908644771612,227.7632088044366106358282103,241.7780834873823137440350802,14.01487468294570310820686987,4.751910450974060919169088365,4.839181538143833141165740247,0.087271087169772221996651882,False
110658,Belém,2019-11,2022-11,2021,16546,1820,2154,334,18.35164835164835164835164835,109.9963737459204641605221806,130.1825214553366372537169104,20.18614770941617309319472984,1.632404118681160980160011481,1.853413412724362835361131666,0.221009294043201855201120185,False
110659,Campo de Ourique,2019-11,2022-11,2021,22140,2333,2971,638,27.34676382340334333476210887,105.3748870822041553748870822,134.1915085817524841915085818,28.81662149954832881662149955,2.092526818067664047644674057,2.556402622657419676814262851,0.463875804589755629169588794,False
110660,Estrela,2019-11,2022-11,2021,20267,6062,6638,576,9.501814582645991421972946222,299.1069225835101396358612523,327.5275077712537622736468150,28.42058518774362263778556274,5.437161410684174649302192086,5.711679774217418988452735377,0.274518363533244339150543291,False
110661,Misericórdia,2019-11,2022-11,2021,9658,19082,19085,3,0.01572162247143905251021905461,1975.771381238351625595361358,1976.082004555808656036446469,0.3106233174570304410851107890,17.11512933663401858429304345,16.42172468980708668192534719,-0.69340464682693190236769626,True
110662,Parque das Nações,2019-11,2022-11,2021,22382,2220,2219,-1,-0.04504504504504504504504504505,99.18684657313912965776070056,99.14216781342149941917612367,-0.04467875971763023858457689215,1.991174254655042514261112905,1.909342786831643979417990329,-0.081831467823398534843122576,False
110663,Penha de França,2019-11,2022-11,2021,28475,3198,3769,571,17.85490931832395247029393371,112.3090430201931518876207199,132.3617208077260755048287972,20.05267778753292361720807726,2.868367237111182865138305887,3.243043246312963568466158426,0.374676009201780703327852539,False
110664,Santa Clara,2019-11,2022-11,2021,23645,39,91,52,133.3333333333333333333333333,1.649397335588919433283992387,3.848593783040812010995982237,2.199196447451892577711989850,0.03498008825745344957485738887,0.07830112375019360167960212704,0.04332103549274015210474473817,False
110665,Santa Maria Maior,2019-11,2022-11,2021,10051,25793,25081,-712,-2.760438878765556546349784825,2566.212317182369913441448612,2495.373594667197293801611780,-70.83872251517261963983683216,23.13439529293581602267427259,21.58099433822643652446264778,-1.55340095470937949821162481,True
110666,Santo António,2019-11,2022-11,2021,11060,11019,10723,-296,-2.686269171431164352482076413,996.2929475587703435804701627,969.5298372513562386980108499,-26.76311030741410488245931284,9.883220320740501560650091486,9.226625823882703195718391299,-0.656594496857798364931700187,True
110667,São Vicente,2019-11,2022-11,2021,13956,8443,8246,-197,-2.333293852895890086462158001,604.9727715677844654628833477,590.8569790770994554313556893,-14.11579249068501003152765835,7.572740645068704481038998314,7.095286444440620213736254281,-0.477454200628084267302744033,False
