year,period_end,freguesia_id,freguesia_name,value_eur_m2,baseline_change_eur_m2,baseline_change_pct,q4_yoy_pct
2019,2019-12-31,110601,Ajuda,3323,0,0,
2019,2019-12-31,110602,Alcântara,3107,0,0,
2019,2019-12-31,110607,Beato,2325,0,0,
2019,2019-12-31,110608,Benfica,2713,0,0,
2019,2019-12-31,110610,Campolide,3079,0,0,
2019,2019-12-31,110611,Carnide,2911,0,0,
2019,2019-12-31,110618,Lumiar,2744,0,0,
2019,2019-12-31,110621,Marvila,2797,0,0,
2019,2019-12-31,110633,Olivais,2480,0,0,
2019,2019-12-31,110639,São Domingos de Benfica,3321,0,0,
2019,2019-12-31,110654,Alvalade,3571,0,0,
2019,2019-12-31,110655,Areeiro,3214,0,0,
2019,2019-12-31,110656,Arroios,3272,0,0,
2019,2019-12-31,110657,Avenidas Novas,4038,0,0,
2019,2019-12-31,110658,Belém,3571,0,0,
2019,2019-12-31,110659,Campo de Ourique,3805,0,0,
2019,2019-12-31,110660,Estrela,3895,0,0,
2019,2019-12-31,110661,Misericórdia,4933,0,0,
2019,2019-12-31,110662,Parque das Nações,4152,0,0,
2019,2019-12-31,110663,Penha de França,2893,0,0,
2019,2019-12-31,110664,Santa Clara,2435,0,0,
2019,2019-12-31,110665,Santa Maria Maior,4755,0,0,
2019,2019-12-31,110666,Santo António,5140,0,0,
2019,2019-12-31,110667,São Vicente,3447,0,0,
2020,2020-12-31,110601,Ajuda,3063,-260,-7.824255191092386397833283178,-7.824255191092386397833283178
2020,2020-12-31,110602,Alcântara,3279,172,5.535886707434824589636305117,5.535886707434824589636305117
2020,2020-12-31,110607,Beato,2478,153,6.580645161290322580645161290,6.580645161290322580645161290
2020,2020-12-31,110608,Benfica,2758,45,1.658680427570954662734979727,1.658680427570954662734979727
2020,2020-12-31,110610,Campolide,3466,387,12.56901591425787593374472231,12.56901591425787593374472231
2020,2020-12-31,110611,Carnide,3324,413,14.18756441085537615939539677,14.18756441085537615939539677
2020,2020-12-31,110618,Lumiar,2883,139,5.065597667638483965014577259,5.065597667638483965014577259
2020,2020-12-31,110621,Marvila,2763,-34,-1.215588130139435109045405792,-1.215588130139435109045405792
2020,2020-12-31,110633,Olivais,2511,31,1.2500,1.2500
2020,2020-12-31,110639,São Domingos de Benfica,3443,122,3.673592291478470340258958145,3.673592291478470340258958145
2020,2020-12-31,110654,Alvalade,3563,-8,-0.2240268832259871184542145057,-0.2240268832259871184542145057
2020,2020-12-31,110655,Areeiro,3320,106,3.298070939639079029247044182,3.298070939639079029247044182
2020,2020-12-31,110656,Arroios,3604,332,10.14669926650366748166259169,10.14669926650366748166259169
2020,2020-12-31,110657,Avenidas Novas,4010,-28,-0.6934125804853888063397721644,-0.6934125804853888063397721644
2020,2020-12-31,110658,Belém,3853,282,7.896947633716045925511061327,7.896947633716045925511061327
2020,2020-12-31,110659,Campo de Ourique,3622,-183,-4.809461235216819973718791064,-4.809461235216819973718791064
2020,2020-12-31,110660,Estrela,4097,202,5.186136071887034659820282413,5.186136071887034659820282413
2020,2020-12-31,110661,Misericórdia,4710,-223,-4.520575714575309142509629029,-4.520575714575309142509629029
2020,2020-12-31,110662,Parque das Nações,4018,-134,-3.227360308285163776493256262,-3.227360308285163776493256262
2020,2020-12-31,110663,Penha de França,3033,140,4.839267196681645350846871759,4.839267196681645350846871759
2020,2020-12-31,110664,Santa Clara,2259,-176,-7.227926078028747433264887064,-7.227926078028747433264887064
2020,2020-12-31,110665,Santa Maria Maior,5682,927,19.49526813880126182965299685,19.49526813880126182965299685
2020,2020-12-31,110666,Santo António,5503,363,7.062256809338521400778210117,7.062256809338521400778210117
2020,2020-12-31,110667,São Vicente,3506,59,1.711633304322599361763852625,1.711633304322599361763852625
2021,2021-12-31,110601,Ajuda,3333,10,0.3009328919650917845320493530,8.814887365328109696376101861
2021,2021-12-31,110602,Alcântara,3309,202,6.501448342452526552944962987,0.9149130832570905763952424520
2021,2021-12-31,110607,Beato,2762,437,18.79569892473118279569892473,11.46085552865213882163034705
2021,2021-12-31,110608,Benfica,2897,184,6.782159970512347954294139329,5.039883973894126178390137781
2021,2021-12-31,110610,Campolide,3374,295,9.581032802858070802208509256,-2.654356607039815349105597230
2021,2021-12-31,110611,Carnide,3490,579,19.89007214015802129852284438,4.993983152827918170878459687
2021,2021-12-31,110618,Lumiar,3211,467,17.01895043731778425655976676,11.37703780783905653832813042
2021,2021-12-31,110621,Marvila,3335,538,19.23489452985341437254200930,20.70213536011581614187477380
2021,2021-12-31,110633,Olivais,2805,325,13.10483870967741935483870968,11.70848267622461170848267622
2021,2021-12-31,110639,São Domingos de Benfica,3362,41,1.234567901234567901234567901,-2.352599477200116177751960500
2021,2021-12-31,110654,Alvalade,3808,237,6.636796415569868384206104733,6.876227897838899803536345776
2021,2021-12-31,110655,Areeiro,3500,286,8.898568761667703795892968264,5.421686746987951807228915663
2021,2021-12-31,110656,Arroios,3450,178,5.440097799511002444987775061,-4.273029966703662597114317425
2021,2021-12-31,110657,Avenidas Novas,4243,205,5.076770678553739474987617632,5.810473815461346633416458853
2021,2021-12-31,110658,Belém,3824,253,7.084850182021842621114533744,-0.7526602647287827666753179341
2021,2021-12-31,110659,Campo de Ourique,3988,183,4.809461235216819973718791064,10.10491441192711209276642739
2021,2021-12-31,110660,Estrela,4061,166,4.261874197689345314505776637,-0.8786917256529167683670978765
2021,2021-12-31,110661,Misericórdia,4375,-558,-11.31157510642610987228866815,-7.112526539278131634819532909
2021,2021-12-31,110662,Parque das Nações,4431,279,6.719653179190751445086705202,10.27874564459930313588850174
2021,2021-12-31,110663,Penha de França,3156,263,9.090909090909090909090909091,4.055390702274975272007912957
2021,2021-12-31,110664,Santa Clara,2501,66,2.710472279260780287474332649,10.71270473660911907923860115
2021,2021-12-31,110665,Santa Maria Maior,4157,-598,-12.57623554153522607781282860,-26.83914114748328053502287927
2021,2021-12-31,110666,Santo António,5435,295,5.739299610894941634241245136,-1.235689623841540977648555333
2021,2021-12-31,110667,São Vicente,3409,-38,-1.102407890919640266898752538,-2.766685681688533941814033086
2022,2022-12-31,110601,Ajuda,4068,745,22.41950045139933794763767680,22.05220522052205220522052205
2022,2022-12-31,110602,Alcântara,3732,625,20.11586739620212423559703894,12.78331822302810516772438803
2022,2022-12-31,110607,Beato,3009,684,29.41935483870967741935483871,8.942795076031860970311368573
2022,2022-12-31,110608,Benfica,3288,575,21.19424990785108735716918540,13.49672074559889540904383845
2022,2022-12-31,110610,Campolide,3559,480,15.58947710295550503410198116,5.483106105512744516893894487
2022,2022-12-31,110611,Carnide,3649,738,25.35211267605633802816901408,4.555873925501432664756446991
2022,2022-12-31,110618,Lumiar,3371,627,22.84985422740524781341107872,4.982871379632513235752102149
2022,2022-12-31,110621,Marvila,5440,2643,94.49410082230961744726492671,63.11844077961019490254872564
2022,2022-12-31,110633,Olivais,3175,695,28.02419354838709677419354839,13.19073083778966131907308378
2022,2022-12-31,110639,São Domingos de Benfica,3758,437,13.15868714242697982535380909,11.77870315288518738845925045
2022,2022-12-31,110654,Alvalade,4271,700,19.60235228227387286474376925,12.15861344537815126050420168
2022,2022-12-31,110655,Areeiro,3793,579,18.01493466085874299937772246,8.371428571428571428571428571
2022,2022-12-31,110656,Arroios,3870,598,18.27628361858190709046454768,12.17391304347826086956521739
2022,2022-12-31,110657,Avenidas Novas,4339,301,7.454185240217929668152550768,2.262550082488805090737685600
2022,2022-12-31,110658,Belém,4265,694,19.43433211985438252590310837,11.53242677824267782426778243
2022,2022-12-31,110659,Campo de Ourique,4760,955,25.09855453350854139290407359,19.35807422266800401203610832
2022,2022-12-31,110660,Estrela,4448,553,14.19768934531450577663671374,9.529672494459492735779364689
2022,2022-12-31,110661,Misericórdia,4449,-484,-9.811473748226231502128522197,1.691428571428571428571428571
2022,2022-12-31,110662,Parque das Nações,4690,538,12.95761078998073217726396917,5.845181674565560821484992101
2022,2022-12-31,110663,Penha de França,3246,353,12.20186657449014863463532665,2.851711026615969581749049430
2022,2022-12-31,110664,Santa Clara,2622,187,7.679671457905544147843942505,4.838064774090363854458216713
2022,2022-12-31,110665,Santa Maria Maior,4392,-363,-7.634069400630914826498422713,5.653115227327399566995429396
2022,2022-12-31,110666,Santo António,5753,613,11.92607003891050583657587549,5.850965961361545538178472861
2022,2022-12-31,110667,São Vicente,4200,753,21.84508268059181897302001741,23.20328542094455852156057495
2023,2023-12-31,110601,Ajuda,3704,381,11.46554318386999699067108035,-8.947885939036381514257620452
2023,2023-12-31,110602,Alcântara,4253,1146,36.88445445767621499839073061,13.96034297963558413719185423
2023,2023-12-31,110607,Beato,3096,771,33.16129032258064516129032258,2.891326021934197407776669990
2023,2023-12-31,110608,Benfica,3827,1114,41.06155547364541098415038703,16.39294403892944038929440389
2023,2023-12-31,110610,Campolide,4167,1088,35.33614810003247807729782397,17.08345040741781399269457713
2023,2023-12-31,110611,Carnide,4310,1399,48.05908622466506355204397114,18.11455193203617429432721294
2023,2023-12-31,110618,Lumiar,3632,888,32.36151603498542274052478134,7.742509641056066449124888757
2023,2023-12-31,110621,Marvila,5833,3036,108.5448695030389703253485878,7.224264705882352941176470588
2023,2023-12-31,110633,Olivais,3487,1007,40.60483870967741935483870968,9.826771653543307086614173228
2023,2023-12-31,110639,São Domingos de Benfica,3966,645,19.42186088527551942186088528,5.534858967535923363491218733
2023,2023-12-31,110654,Alvalade,4520,949,26.57518902268272192663119574,5.830016389604308124560992742
2023,2023-12-31,110655,Areeiro,4470,1256,39.07902924704418170504044804,17.84866860005272871078302136
2023,2023-12-31,110656,Arroios,4163,891,27.23105134474327628361858191,7.571059431524547803617571059
2023,2023-12-31,110657,Avenidas Novas,4554,516,12.77860326894502228826151560,4.955058769301682415303065222
2023,2023-12-31,110658,Belém,4483,912,25.53906468776253150378045365,5.111371629542790152403282532
2023,2023-12-31,110659,Campo de Ourique,4769,964,25.33508541392904073587385020,0.1890756302521008403361344538
2023,2023-12-31,110660,Estrela,5051,1156,29.67907573812580231065468549,13.55665467625899280575539568
2023,2023-12-31,110661,Misericórdia,5288,355,7.196432191364281370362862356,18.85817037536525061811643066
2023,2023-12-31,110662,Parque das Nações,5077,925,22.27842003853564547206165703,8.251599147121535181236673774
2023,2023-12-31,110663,Penha de França,3570,677,23.40131351538195644659522987,9.981515711645101663585951941
2023,2023-12-31,110664,Santa Clara,2783,348,14.29158110882956878850102669,6.140350877192982456140350877
2023,2023-12-31,110665,Santa Maria Maior,4928,173,3.638275499474237644584647739,12.20400728597449908925318761
2023,2023-12-31,110666,Santo António,6458,1318,25.64202334630350194552529183,12.25447592560403267860246828
2023,2023-12-31,110667,São Vicente,4052,605,17.55149405279953582825645489,-3.523809523809523809523809524
2024,2024-12-31,110601,Ajuda,4082,759,22.84080650015046644598254589,10.20518358531317494600431965
2024,2024-12-31,110602,Alcântara,4363,1256,40.42484711940778886385580946,2.586409593228309428638608041
2024,2024-12-31,110607,Beato,3982,1657,71.26881720430107526881720430,28.61757105943152454780361757
2024,2024-12-31,110608,Benfica,3971,1258,46.36933284187246590490232215,3.762738437418343349882414424
2024,2024-12-31,110610,Campolide,4773,1694,55.01786294251380318285157519,14.54283657307415406767458603
2024,2024-12-31,110611,Carnide,4197,1286,44.17725867399519065613191343,-2.621809744779582366589327146
2024,2024-12-31,110618,Lumiar,3885,1141,41.58163265306122448979591837,6.965859030837004405286343612
2024,2024-12-31,110621,Marvila,5623,2826,101.0368251698248122988916696,-3.600205726041488085033430482
2024,2024-12-31,110633,Olivais,3523,1043,42.05645161290322580645161290,1.032406079724691712073415543
2024,2024-12-31,110639,São Domingos de Benfica,4198,877,26.40770852152965974104185486,5.849722642460917801311144730
2024,2024-12-31,110654,Alvalade,4647,1076,30.13161579389526743209185102,2.809734513274336283185840708
2024,2024-12-31,110655,Areeiro,4853,1639,50.99564405724953329184816428,8.568232662192393736017897092
2024,2024-12-31,110656,Arroios,4271,999,30.53178484107579462102689487,2.594282969012731203459043959
2024,2024-12-31,110657,Avenidas Novas,4680,642,15.89895988112927191679049034,2.766798418972332015810276680
2024,2024-12-31,110658,Belém,4917,1346,37.69252310277233267992159059,9.681017175998215480704885122
2024,2024-12-31,110659,Campo de Ourique,5204,1399,36.76741130091984231274638633,9.121409100440343887607464877
2024,2024-12-31,110660,Estrela,5474,1579,40.53915275994865211810012837,8.374579291229459512967729163
2024,2024-12-31,110661,Misericórdia,5405,472,9.568214068518143117778228259,2.212556732223903177004538578
2024,2024-12-31,110662,Parque das Nações,5171,1019,24.54238921001926782273603083,1.851487098680323025408705929
2024,2024-12-31,110663,Penha de França,3649,756,26.13204286208088489457310750,2.212885154061624649859943978
2024,2024-12-31,110664,Santa Clara,3416,981,40.28747433264887063655030801,22.74523895077254761049227452
2024,2024-12-31,110665,Santa Maria Maior,5200,445,9.358569926393270241850683491,5.519480519480519480519480519
2024,2024-12-31,110666,Santo António,5879,739,14.37743190661478599221789883,-8.965624032208113967172499226
2024,2024-12-31,110667,São Vicente,4638,1191,34.55178416013925152306353351,14.46199407699901283316880553
2025,2025-12-31,110601,Ajuda,4874,1551,46.67469154378573578092085465,19.40225379715825575698187163
2025,2025-12-31,110602,Alcântara,4658,1551,49.91953653041519150305761184,6.761402704561081824432729773
2025,2025-12-31,110607,Beato,4348,2023,87.01075268817204301075268817,9.191361125062782521346057258
2025,2025-12-31,110608,Benfica,4392,1679,61.88720973092517508293402138,10.60186351045076806849660035
2025,2025-12-31,110610,Campolide,5346,2267,73.62780123416693731731081520,12.00502828409805153991200503
2025,2025-12-31,110611,Carnide,4436,1525,52.38749570594297492270697355,5.694543721705980462234929712
2025,2025-12-31,110618,Lumiar,4548,1804,65.74344023323615160349854227,17.06563706563706563706563707
2025,2025-12-31,110621,Marvila,5029,2232,79.79978548444762245262781552,-10.56375600213409212164325093
2025,2025-12-31,110633,Olivais,4238,1758,70.88709677419354838709677419,20.29520295202952029520295203
2025,2025-12-31,110639,São Domingos de Benfica,4883,1562,47.03402589581451370069256248,16.31729394949976179132920438
2025,2025-12-31,110654,Alvalade,4922,1351,37.83253990478857462895547466,5.917796427802883580804820314
2025,2025-12-31,110655,Areeiro,4552,1338,41.63036714374611076540136901,-6.202349062435606841129198434
2025,2025-12-31,110656,Arroios,4523,1251,38.23349633251833740831295844,5.900257550924841957387028799
2025,2025-12-31,110657,Avenidas Novas,5465,1427,35.33927686973749380881624567,16.77350427350427350427350427
2025,2025-12-31,110658,Belém,5156,1585,44.38532623914869784374124895,4.860687411022981492780150498
2025,2025-12-31,110659,Campo de Ourique,5890,2085,54.79632063074901445466491459,13.18216756341275941583397387
2025,2025-12-31,110660,Estrela,5629,1734,44.51861360718870346598202824,2.831567409572524662038728535
2025,2025-12-31,110661,Misericórdia,5569,636,12.89276302452868437056557876,3.034227567067530064754856614
2025,2025-12-31,110662,Parque das Nações,6317,2165,52.14354527938342967244701349,22.16205762908528331077161091
2025,2025-12-31,110663,Penha de França,4282,1389,48.01244382993432423090217767,17.34721841600438476294875308
2025,2025-12-31,110664,Santa Clara,3727,1292,53.05954825462012320328542094,9.104215456674473067915690867
2025,2025-12-31,110665,Santa Maria Maior,5000,245,5.152471083070452155625657203,-3.846153846153846153846153846
2025,2025-12-31,110666,Santo António,6819,1679,32.66536964980544747081712062,15.98911379486307195101207688
2025,2025-12-31,110667,São Vicente,4787,1340,38.87438352190310414853495793,3.212591634325140146614920224
