freguesia_id,freguesia_name,baseline_year,latest_year,baseline_eur_m2,latest_eur_m2,change_eur_m2,change_pct
110601,Ajuda,2019,2025,3323,4874,1551,46.67469154378573578092085465
110602,Alcântara,2019,2025,3107,4658,1551,49.91953653041519150305761184
110607,Beato,2019,2025,2325,4348,2023,87.01075268817204301075268817
110608,Benfica,2019,2025,2713,4392,1679,61.88720973092517508293402138
110610,Campolide,2019,2025,3079,5346,2267,73.62780123416693731731081520
110611,Carnide,2019,2025,2911,4436,1525,52.38749570594297492270697355
110618,Lumiar,2019,2025,2744,4548,1804,65.74344023323615160349854227
110621,Marvila,2019,2025,2797,5029,2232,79.79978548444762245262781552
110633,Olivais,2019,2025,2480,4238,1758,70.88709677419354838709677419
110639,São Domingos de Benfica,2019,2025,3321,4883,1562,47.03402589581451370069256248
110654,Alvalade,2019,2025,3571,4922,1351,37.83253990478857462895547466
110655,Areeiro,2019,2025,3214,4552,1338,41.63036714374611076540136901
110656,Arroios,2019,2025,3272,4523,1251,38.23349633251833740831295844
110657,Avenidas Novas,2019,2025,4038,5465,1427,35.33927686973749380881624567
110658,Belém,2019,2025,3571,5156,1585,44.38532623914869784374124895
110659,Campo de Ourique,2019,2025,3805,5890,2085,54.79632063074901445466491459
110660,Estrela,2019,2025,3895,5629,1734,44.51861360718870346598202824
110661,Misericórdia,2019,2025,4933,5569,636,12.89276302452868437056557876
110662,Parque das Nações,2019,2025,4152,6317,2165,52.14354527938342967244701349
110663,Penha de França,2019,2025,2893,4282,1389,48.01244382993432423090217767
110664,Santa Clara,2019,2025,2435,3727,1292,53.05954825462012320328542094
110665,Santa Maria Maior,2019,2025,4755,5000,245,5.152471083070452155625657203
110666,Santo António,2019,2025,5140,6819,1679,32.66536964980544747081712062
110667,São Vicente,2019,2025,3447,4787,1340,38.87438352190310414853495793
