freguesia_id,freguesia,population_change_2011_2021_pct,al_afc_ratio_2021_pct
110601,Ajuda,-8.4,4.0
110602,Alcântara,-0.7,6.0
110607,Beato,-4.3,2.0
110608,Benfica,-4.4,0.5
110610,Campolide,-4.4,3.0
110611,Carnide,-5.8,0.4
110618,Lumiar,1.4,1.0
110621,Marvila,-6.1,1.0
110633,Olivais,-4.8,1.1
110639,São Domingos de Benfica,3.1,1.0
110654,Alvalade,4.7,2.0
110655,Areeiro,5.1,3.0
110656,Arroios,5.3,13.0
110657,Avenidas Novas,7.6,7.0
110658,Belém,0.1,4.0
110659,Campo de Ourique,0.0,5.0
110660,Estrela,0.8,9.0
110661,Misericórdia,-25.9,50.0
110662,Parque das Nações,6.5,5.0
110663,Penha de França,1.8,5.0
110664,Santa Clara,5.2,0.0
110665,Santa Maria Maior,-21.3,67.0
110666,Santo António,-6.7,24.0
110667,São Vicente,-9.4,19.0
