freguesia_id,freguesia,local_accommodation_count_2018_06_30,housing_eur_m2_2018_06
110601,Ajuda,111,2259
110602,Alcântara,183,2271
110607,Beato,44,1700
110608,Benfica,37,2094
110610,Campolide,102,2469
110611,Carnide,17,2572
110618,Lumiar,72,2352
110621,Marvila,37,1483
110633,Olivais,72,1750
110639,São Domingos de Benfica,81,2614
110654,Alvalade,157,2957
110655,Areeiro,146,2550
110656,Arroios,1378,2587
110657,Avenidas Novas,387,3070
110658,Belém,238,2736
110659,Campo de Ourique,285,2965
110660,Estrela,780,3051
110661,Misericórdia,2736,3667
110662,Parque das Nações,337,3351
110663,Penha de França,290,2130
110664,Santa Clara,6,1739
110665,Santa Maria Maior,3299,3528
110666,Santo António,1174,4083
110667,São Vicente,1149,2738
