freguesia_id,freguesia,q1_2019_eur_m2,q1_2026_eur_m2,change_eur_m2,change_pct
110601,Ajuda,3085,5161,2076,67.293355
110602,Alcântara,2951,4938,1987,67.333107
110607,Beato,2238,4600,2362,105.540661
110608,Benfica,2539,4631,2092,82.394644
110610,Campolide,3136,5486,2350,74.936224
110611,Carnide,3049,4553,1504,49.327648
110618,Lumiar,2591,4670,2079,80.23929
110621,Marvila,2786,5008,2222,79.755922
110633,Olivais,2263,4296,2033,89.8365
110639,São Domingos de Benfica,3055,5182,2127,69.623568
110654,Alvalade,3305,5041,1736,52.526475
110655,Areeiro,3019,4963,1944,64.392183
110656,Arroios,3194,4776,1582,49.530369
110657,Avenidas Novas,3741,6000,2259,60.384924
110658,Belém,3426,5498,2072,60.478692
110659,Campo de Ourique,3583,5979,2396,66.871337
110660,Estrela,3520,5833,2313,65.710227
110661,Misericórdia,4288,5913,1625,37.896455
110662,Parque das Nações,3311,6407,3096,93.506494
110663,Penha de França,2708,4465,1757,64.881832
110664,Santa Clara,2058,3733,1675,81.389699
110665,Santa Maria Maior,4451,5000,549,12.334307
110666,Santo António,4742,6986,2244,47.321805
110667,São Vicente,3407,4954,1547,45.406516
