freguesia_id,freguesia,weighted_al_nov2019,weighted_al_nov2022,change_abs,change_pct
110601,Ajuda,204,318,114,55.882353
110602,Alcântara,374,487,113,30.213904
110607,Beato,99,138,39,39.393939
110608,Benfica,58,107,49,84.482759
110610,Campolide,192,266,74,38.541667
110611,Carnide,39,42,3,7.692308
110618,Lumiar,120,127,7,5.833333
110621,Marvila,67,93,26,38.80597
110633,Olivais,149,196,47,31.543624
110639,São Domingos de Benfica,143,166,23,16.083916
110654,Alvalade,272,318,46,16.911765
110655,Areeiro,268,347,79,29.477612
110656,Arroios,3018,3161,143,4.738237
110657,Avenidas Novas,968,1040,72,7.438017
110658,Belém,384,457,73,19.010417
110659,Campo de Ourique,478,589,111,23.221757
110660,Estrela,1289,1467,178,13.809154
110661,Misericórdia,4072,4096,24,0.589391
110662,Parque das Nações,497,477,-20,-4.024145
110663,Penha de França,620,730,110,17.741935
110664,Santa Clara,10,22,12,120.0
110665,Santa Maria Maior,5595,5484,-111,-1.983914
110666,Santo António,2216,2200,-16,-0.722022
110667,São Vicente,1808,1752,-56,-3.097345
