table_number,source_row,geography_id,geography_name,value_2019_11,value_2022_11,reported_change
18,1,110601,Ajuda,204,318,114
18,2,110602,Alcântara,374,487,113
18,3,110654,Alvalade,272,318,46
18,4,110655,Areeiro,268,347,79
18,5,110656,Arroios,3018,3161,143
18,6,110657,Avenidas Novas,968,1040,72
18,7,110607,Beato,99,138,39
18,8,110658,Belém,384,457,73
18,9,110608,Benfica,58,107,49
18,10,110659,Campo de Ourique,478,589,112
18,11,110610,Campolide,192,266,74
18,12,110611,Carnide,39,42,3
18,13,110660,Estrela,1289,1467,178
18,14,110618,Lumiar,120,127,7
18,15,110621,Marvila,67,93,26
18,16,110661,Misericórdia,4072,4096,24
18,17,110633,Olivais,149,196,47
18,18,110662,Parque das Nações,497,477,-21
18,19,110663,Penha de França,620,730,110
18,20,110664,Santa Clara,10,22,12
18,21,110665,Santa Maria Maior,5595,5484,-111
18,22,110666,Santo António,2216,2200,-16
18,23,110639,São Domingos de Benfica,143,166,22
18,24,110667,São Vicente,1808,1752,-56
18,0,1106,LISBOA - TOTAL,22941,24080,1138
19,1,110601,Ajuda,982,1505,523
19,2,110602,Alcântara,1747,2287,540
19,3,110654,Alvalade,1458,1702,244
19,4,110655,Areeiro,1703,1975,272
19,5,110656,Arroios,15791,16379,588
19,6,110657,Avenidas Novas,5298,5624,326
19,7,110607,Beato,499,651,152
19,8,110658,Belém,1820,2154,334
19,9,110608,Benfica,307,543,236
19,10,110659,Campo de Ourique,2333,2971,638
19,11,110610,Campolide,876,1251,375
19,12,110611,Carnide,183,202,19
19,13,110660,Estrela,6062,6638,576
19,14,110618,Lumiar,629,641,12
19,15,110621,Marvila,381,515,134
19,16,110661,Misericórdia,19082,19085,3
19,17,110633,Olivais,778,1014,236
19,18,110662,Parque das Nações,2220,2219,-1
19,19,110663,Penha de França,3198,3769,571
19,20,110664,Santa Clara,39,91,52
19,21,110665,Santa Maria Maior,25793,25081,-712
19,22,110666,Santo António,11019,10723,-296
19,23,110639,São Domingos de Benfica,851,952,101
19,24,110667,São Vicente,8443,8246,-197
19,0,1106,LISBOA - TOTAL,111492,116218,4726
