scenario,freguesia_id,freguesia_name,population_2021,records,users_known,users_missing,records_per_1000,known_users_per_1000,record_pressure_rank,known_capacity_pressure_rank,incoming_records,outgoing_records,records_delta,users_known_delta,users_missing_delta,records_per_1000_delta,known_users_per_1000_delta,record_pressure_rank_delta,known_capacity_pressure_rank_delta,records_delta_pct
soap,110601,Ajuda,14306,181,868,0,12.652034111561582,60.67384314273731,10,12,0,0,0,0,0,0.0,0.0,0,0,0.0
soap,110602,Alcântara,13850,233,1220,0,16.823104693140795,88.08664259927798,7,8,0,0,0,0,0,0.0,0.0,0,0,0.0
soap,110607,Beato,12183,96,495,0,7.879832553558237,40.63038660428466,15,16,0,0,0,0,0,0.0,0.0,0,0,0.0
soap,110608,Benfica,35362,55,399,0,1.555341892426899,11.283298455969685,23,20,0,0,0,0,0,0.0,0.0,0,0,0.0
soap,110610,Campolide,14787,127,777,0,8.588625143707311,52.54615540677622,14,14,0,0,0,0,0,0.0,0.0,0,0,0.0
soap,110611,Carnide,18028,33,156,0,1.830485910805414,8.653206123807411,22,23,0,0,0,0,0,0.0,0.0,0,0,0.0
soap,110618,Lumiar,46334,89,419,0,1.920835671429188,9.043035352009323,21,22,0,0,0,0,0,0.0,0.0,0,0,0.0
soap,110621,Marvila,35479,74,379,0,2.0857408607908905,10.682375489726317,20,21,0,0,0,0,0,0.0,0.0,0,0,0.0
soap,110633,Olivais,32179,115,691,0,3.5737592840050967,21.47363187171758,18,18,0,0,0,0,0,0.0,0.0,0,0,0.0
soap,110639,São Domingos de Benfica,34076,91,624,0,2.6705012325390305,18.312008451696208,19,19,0,0,0,0,0,0.0,0.0,0,0,0.0
soap,110654,Alvalade,33309,153,1155,0,4.593353147797893,34.67531297847429,17,17,0,0,0,0,0,0.0,0.0,0,0,0.0
soap,110655,Areeiro,21160,154,1122,0,7.277882797731569,53.024574669187146,16,13,0,0,0,0,0,0.0,0.0,0,0,0.0
soap,110656,Arroios,33302,1199,9108,0,36.003843612996214,273.4970872620263,6,5,0,0,0,0,0,0.0,0.0,0,0,0.0
soap,110657,Avenidas Novas,23261,343,3088,0,14.745711706289498,132.75439576974335,8,7,0,0,0,0,0,0.0,0.0,0,0,0.0
soap,110658,Belém,16546,203,1146,0,12.26882630242959,69.26145291913453,11,11,0,0,0,0,0,0.0,0.0,0,0,0.0
soap,110659,Campo de Ourique,22140,283,1674,0,12.782294489611562,75.60975609756098,9,9,0,0,0,0,0,0.0,0.0,0,0,0.0
soap,110660,Estrela,20267,744,3827,0,36.70992253416885,188.82913109981743,5,6,0,0,0,0,0,0.0,0.0,0,0,0.0
soap,110661,Misericórdia,9658,2174,12550,0,225.09836405052806,1299.4408780285773,2,2,0,0,0,0,0,0.0,0.0,0,0,0.0
soap,110662,Parque das Nações,22382,196,912,0,8.757036904655527,40.74702886247878,13,15,0,0,0,0,0,0.0,0.0,0,0,0.0
soap,110663,Penha de França,28475,319,2015,0,11.202809482001756,70.7638279192274,12,10,0,0,0,0,0,0.0,0.0,0,0,0.0
soap,110664,Santa Clara,23645,10,43,0,0.4229223937407486,1.8185662930852189,24,24,0,0,0,0,0,0.0,0.0,0,0,0.0
soap,110665,Santa Maria Maior,10051,3142,16762,0,312.60571087453985,1667.6947567406228,1,1,0,0,0,0,0,0.0,0.0,0,0,0.0
soap,110666,Santo António,11060,922,6036,0,83.36347197106691,545.750452079566,3,3,0,0,0,0,0,0.0,0.0,0,0,0.0
soap,110667,São Vicente,13956,929,4429,0,66.56635139008311,317.3545428489538,4,4,0,0,0,0,0,0.0,0.0,0,0,0.0
gis_all_conflicts,110601,Ajuda,14306,185,886,0,12.931637075352999,61.93205647979869,9,12,4,0,4,18,0,0.279602963791417,1.2582133370613775,-1,0,2.2099447513812156
gis_all_conflicts,110602,Alcântara,13850,233,1220,0,16.823104693140795,88.08664259927798,7,8,0,0,0,0,0,0.0,0.0,0,0,0.0
gis_all_conflicts,110607,Beato,12183,95,491,0,7.797750964458672,40.3020602478864,15,16,0,1,-1,-4,0,-0.0820815890995652,-0.32832635639825725,0,0,-1.0416666666666667
gis_all_conflicts,110608,Benfica,35362,50,364,0,1.4139471749335444,10.293535433516205,23,21,0,5,-5,-35,0,-0.14139471749335453,-0.9897630224534808,0,1,-9.090909090909092
gis_all_conflicts,110610,Campolide,14787,126,770,0,8.52099817407182,52.07276661932779,14,13,0,1,-1,-7,0,-0.06762696963549075,-0.47338878744843527,0,-1,-0.7874015748031497
gis_all_conflicts,110611,Carnide,18028,34,160,0,1.8859551808298203,8.875083203905037,21,22,1,0,1,4,0,0.05546927002440638,0.22187708009762552,-1,-1,3.0303030303030303
gis_all_conflicts,110618,Lumiar,46334,86,411,0,1.8560884016057322,8.870375965813441,22,23,0,3,-3,-8,0,-0.06474726982345591,-0.17265938619588184,1,1,-3.3707865168539324
gis_all_conflicts,110621,Marvila,35479,75,383,0,2.1139265480988754,10.795118238958256,20,20,1,0,1,4,0,0.028185687307984875,0.1127427492319395,0,-1,1.3513513513513513
gis_all_conflicts,110633,Olivais,32179,111,673,0,3.4494546132570933,20.914260853351564,18,18,0,4,-4,-18,0,-0.12430467074800333,-0.559371018366015,0,0,-3.4782608695652173
gis_all_conflicts,110639,São Domingos de Benfica,34076,95,653,0,2.7878859021011855,19.163047306021834,19,19,5,1,4,29,0,0.11738466956215499,0.8510388543256262,0,0,4.395604395604396
gis_all_conflicts,110654,Alvalade,33309,153,1155,0,4.593353147797893,34.67531297847429,17,17,0,0,0,0,0,0.0,0.0,0,0,0.0
gis_all_conflicts,110655,Areeiro,21160,147,1081,0,6.947069943289225,51.08695652173913,16,14,0,7,-7,-41,0,-0.33081285444234343,-1.9376181474480134,0,1,-4.545454545454546
gis_all_conflicts,110656,Arroios,33302,1194,9091,0,35.85370248033151,272.9866074109663,5,5,13,18,-5,-17,0,-0.1501411326647002,-0.5104798510599835,-1,0,-0.4170141784820684
gis_all_conflicts,110657,Avenidas Novas,23261,344,3095,0,14.788702119427368,133.05532866170844,8,7,2,1,1,7,0,0.04299041313787022,0.30093289196508977,0,0,0.2915451895043732
gis_all_conflicts,110658,Belém,16546,199,1128,0,12.027076030460535,68.17357669527378,11,11,0,4,-4,-18,0,-0.24175027196905496,-1.0878762238607464,0,0,-1.9704433497536946
gis_all_conflicts,110659,Campo de Ourique,22140,280,1644,0,12.646793134598013,74.25474254742548,10,9,3,6,-3,-30,0,-0.13550135501354887,-1.3550135501354958,1,0,-1.0600706713780919
gis_all_conflicts,110660,Estrela,20267,714,3722,0,35.2296837223072,183.6482952583017,6,6,5,35,-30,-105,0,-1.4802388118616463,-5.180835841515744,1,0,-4.032258064516129
gis_all_conflicts,110661,Misericórdia,9658,2184,12538,0,226.13377510871817,1298.1983847587492,2,2,38,28,10,-12,0,1.0354110581901068,-1.2424932698281737,0,0,0.45998160073597055
gis_all_conflicts,110662,Parque das Nações,22382,198,922,0,8.846394424090787,41.19381645965508,13,15,3,1,2,10,0,0.08935751943526071,0.44678759717630356,0,0,1.0204081632653061
gis_all_conflicts,110663,Penha de França,28475,323,2016,0,11.343283582089553,70.79894644424934,12,10,7,3,4,1,0,0.14047410008779693,0.035118525021943015,0,0,1.2539184952978057
gis_all_conflicts,110664,Santa Clara,23645,11,49,0,0.4652146331148234,2.072319729329668,24,24,1,0,1,6,0,0.042292239374074836,0.2537534362444491,0,0,10.0
gis_all_conflicts,110665,Santa Maria Maior,10051,3157,16827,0,314.098099691573,1674.1617749477664,1,1,46,31,15,65,0,1.4923888170331452,6.46701820714361,0,0,0.47740292807129214
gis_all_conflicts,110666,Santo António,11060,935,6098,0,84.53887884267631,551.3562386980109,3,3,17,4,13,62,0,1.1754068716093968,5.605786618444881,0,0,1.4099783080260304
gis_all_conflicts,110667,São Vicente,13956,936,4518,0,67.06792777300086,323.731728288908,4,4,26,19,7,89,0,0.5015763829177473,6.377185439954189,0,0,0.7534983853606028
gis_beyond_margin,110601,Ajuda,14306,183,878,0,12.791835593457291,61.37285055221585,9,12,2,0,2,10,0,0.1398014818957094,0.6990074094785399,-1,0,1.1049723756906078
gis_beyond_margin,110602,Alcântara,13850,233,1220,0,16.823104693140795,88.08664259927798,7,8,0,0,0,0,0,0.0,0.0,0,0,0.0
gis_beyond_margin,110607,Beato,12183,95,491,0,7.797750964458672,40.3020602478864,15,16,0,1,-1,-4,0,-0.0820815890995652,-0.32832635639825725,0,0,-1.0416666666666667
gis_beyond_margin,110608,Benfica,35362,50,364,0,1.4139471749335444,10.293535433516205,23,21,0,5,-5,-35,0,-0.14139471749335453,-0.9897630224534808,0,1,-9.090909090909092
gis_beyond_margin,110610,Campolide,14787,126,770,0,8.52099817407182,52.07276661932779,14,13,0,1,-1,-7,0,-0.06762696963549075,-0.47338878744843527,0,-1,-0.7874015748031497
gis_beyond_margin,110611,Carnide,18028,34,160,0,1.8859551808298203,8.875083203905037,21,22,1,0,1,4,0,0.05546927002440638,0.22187708009762552,-1,-1,3.0303030303030303
gis_beyond_margin,110618,Lumiar,46334,86,411,0,1.8560884016057322,8.870375965813441,22,23,0,3,-3,-8,0,-0.06474726982345591,-0.17265938619588184,1,1,-3.3707865168539324
gis_beyond_margin,110621,Marvila,35479,75,383,0,2.1139265480988754,10.795118238958256,20,20,1,0,1,4,0,0.028185687307984875,0.1127427492319395,0,-1,1.3513513513513513
gis_beyond_margin,110633,Olivais,32179,111,673,0,3.4494546132570933,20.914260853351564,18,18,0,4,-4,-18,0,-0.12430467074800333,-0.559371018366015,0,0,-3.4782608695652173
gis_beyond_margin,110639,São Domingos de Benfica,34076,95,653,0,2.7878859021011855,19.163047306021834,19,19,5,1,4,29,0,0.11738466956215499,0.8510388543256262,0,0,4.395604395604396
gis_beyond_margin,110654,Alvalade,33309,153,1155,0,4.593353147797893,34.67531297847429,17,17,0,0,0,0,0,0.0,0.0,0,0,0.0
gis_beyond_margin,110655,Areeiro,21160,148,1085,0,6.994328922495274,51.27599243856333,16,14,0,6,-6,-37,0,-0.2835538752362945,-1.7485822306238177,0,1,-3.896103896103896
gis_beyond_margin,110656,Arroios,33302,1199,9104,0,36.003843612996214,273.37697435589456,5,5,7,7,0,-4,0,0.0,-0.12011290613173742,-1,0,0.0
gis_beyond_margin,110657,Avenidas Novas,23261,344,3095,0,14.788702119427368,133.05532866170844,8,7,2,1,1,7,0,0.04299041313787022,0.30093289196508977,0,0,0.2915451895043732
gis_beyond_margin,110658,Belém,16546,201,1136,0,12.147951166445063,68.6570772392119,11,11,0,2,-2,-10,0,-0.1208751359845266,-0.6043756799226259,0,0,-0.9852216748768473
gis_beyond_margin,110659,Campo de Ourique,22140,283,1675,0,12.782294489611562,75.65492321589882,10,9,2,2,0,1,0,0.0,0.045167118337843704,1,0,0.0
gis_beyond_margin,110660,Estrela,20267,711,3691,0,35.08165984112103,182.1187151527113,6,6,1,34,-33,-136,0,-1.628262693047816,-6.710415947106128,1,0,-4.435483870967742
gis_beyond_margin,110661,Misericórdia,9658,2205,12656,0,228.3081383309174,1310.4162352453925,2,2,38,7,31,106,0,3.2097742803893254,10.975357216815155,0,0,1.4259429622815087
gis_beyond_margin,110662,Parque das Nações,22382,198,922,0,8.846394424090787,41.19381645965508,13,15,3,1,2,10,0,0.08935751943526071,0.44678759717630356,0,0,1.0204081632653061
gis_beyond_margin,110663,Penha de França,28475,322,2012,0,11.308165057067603,70.65847234416155,12,10,4,1,3,-3,0,0.10535557506584681,-0.10535557506584325,0,0,0.9404388714733543
gis_beyond_margin,110664,Santa Clara,23645,11,49,0,0.4652146331148234,2.072319729329668,24,24,1,0,1,6,0,0.042292239374074836,0.2537534362444491,0,0,10.0
gis_beyond_margin,110665,Santa Maria Maior,10051,3159,16855,0,314.2970848671774,1676.9475674062282,1,1,26,9,17,93,0,1.6913739926375229,9.252810665605466,0,0,0.5410566518141311
gis_beyond_margin,110666,Santo António,11060,924,6031,0,83.54430379746836,545.2983725135624,3,3,6,4,2,-5,0,0.18083182640144457,-0.4520795660035901,0,0,0.21691973969631237
gis_beyond_margin,110667,São Vicente,13956,919,4426,0,65.84981370020063,317.1395815419891,4,4,6,16,-10,-3,0,-0.716537689882486,-0.21496130696471027,0,0,-1.0764262648008611
