year,category_code,category_name,requested_parishes,published_medians,unpublished_medians
2019,H1,Total,24,24,0
2019,H11,Novos,24,16,8
2019,H12,Existentes,24,24,0
2020,H1,Total,24,24,0
2020,H11,Novos,24,11,13
2020,H12,Existentes,24,23,1
2021,H1,Total,24,24,0
2021,H11,Novos,24,11,13
2021,H12,Existentes,24,24,0
2022,H1,Total,24,24,0
2022,H11,Novos,24,12,12
2022,H12,Existentes,24,24,0
2023,H1,Total,24,24,0
2023,H11,Novos,24,13,11
2023,H12,Existentes,24,24,0
2024,H1,Total,24,24,0
2024,H11,Novos,24,20,4
2024,H12,Existentes,24,24,0
2025,H1,Total,24,24,0
2025,H11,Novos,24,17,7
2025,H12,Existentes,24,24,0
