freguesia_id,freguesia_name,category_code,category_name,baseline_year,latest_year,baseline_eur_m2,latest_eur_m2,baseline_source_flag,latest_source_flag,complete_endpoints,change_pct,total_change_pct,difference_from_total_pp
110601,Ajuda,H1,Total,2019,2025,3323,4874,,,True,46.67469154378573578092085460,46.67469154378573578092085460,0E-26
110601,Ajuda,H11,Novos,2019,2025,,,-,-,False,,46.67469154378573578092085460,
110601,Ajuda,H12,Existentes,2019,2025,3323,4898,,,True,47.39693048450195606379777310,46.67469154378573578092085460,0.72223894071622028287691850
110602,Alcântara,H1,Total,2019,2025,3107,4658,,,True,49.91953653041519150305761180,49.91953653041519150305761180,0E-26
110602,Alcântara,H11,Novos,2019,2025,,,-,-,False,,49.91953653041519150305761180,
110602,Alcântara,H12,Existentes,2019,2025,3087,4565,,,True,47.87819889860706187236799480,49.91953653041519150305761180,-2.04133763180812963068961700
110607,Beato,H1,Total,2019,2025,2325,4348,,,True,87.01075268817204301075268820,87.01075268817204301075268820,0E-26
110607,Beato,H11,Novos,2019,2025,,5159,-,,False,,87.01075268817204301075268820,
110607,Beato,H12,Existentes,2019,2025,2298,4126,,,True,79.54743255004351610095735420,87.01075268817204301075268820,-7.46332013812852690979533400
110608,Benfica,H1,Total,2019,2025,2713,4392,,,True,61.88720973092517508293402140,61.88720973092517508293402140,0E-26
110608,Benfica,H11,Novos,2019,2025,,,-,-,False,,61.88720973092517508293402140,
110608,Benfica,H12,Existentes,2019,2025,2707,4393,,,True,62.28297007757665312153675660,61.88720973092517508293402140,0.39576034665147803860273520
110610,Campolide,H1,Total,2019,2025,3079,5346,,,True,73.62780123416693731731081520,73.62780123416693731731081520,0E-26
110610,Campolide,H11,Novos,2019,2025,4147,7204,,,True,73.71593923318061249095731850,73.62780123416693731731081520,0.08813799901367517364650330
110610,Campolide,H12,Existentes,2019,2025,3000,5183,,,True,72.76666666666666666666666670,73.62780123416693731731081520,-0.86113456750027065064414850
110611,Carnide,H1,Total,2019,2025,2911,4436,,,True,52.38749570594297492270697350,52.38749570594297492270697350,0E-26
110611,Carnide,H11,Novos,2019,2025,1646,,,-,False,,52.38749570594297492270697350,
110611,Carnide,H12,Existentes,2019,2025,3087,4484,,,True,45.25429219306770327178490440,52.38749570594297492270697350,-7.13320351287527165092206910
110618,Lumiar,H1,Total,2019,2025,2744,4548,,,True,65.74344023323615160349854230,65.74344023323615160349854230,0E-26
110618,Lumiar,H11,Novos,2019,2025,1910,4567,,,True,139.1099476439790575916230366,65.74344023323615160349854230,73.36650741074290598812449430
110618,Lumiar,H12,Existentes,2019,2025,2898,4547,,,True,56.90131124913733609385783300,65.74344023323615160349854230,-8.84212898409881550964070930
110621,Marvila,H1,Total,2019,2025,2797,5029,,,True,79.79978548444762245262781550,79.79978548444762245262781550,0E-26
110621,Marvila,H11,Novos,2019,2025,2907,5167,,,True,77.74337805297557619539043690,79.79978548444762245262781550,-2.05640743147204625723737860
110621,Marvila,H12,Existentes,2019,2025,2633,4867,,,True,84.84618306114698063045955180,79.79978548444762245262781550,5.04639757669935817783173630
110633,Olivais,H1,Total,2019,2025,2480,4238,,,True,70.88709677419354838709677420,70.88709677419354838709677420,0E-26
110633,Olivais,H11,Novos,2019,2025,,4983,-,,False,,70.88709677419354838709677420,
110633,Olivais,H12,Existentes,2019,2025,2410,4034,,,True,67.38589211618257261410788380,70.88709677419354838709677420,-3.50120465801097577298889040
110639,São Domingos de Benfica,H1,Total,2019,2025,3321,4883,,,True,47.03402589581451370069256250,47.03402589581451370069256250,0E-26
110639,São Domingos de Benfica,H11,Novos,2019,2025,4015,6732,,,True,67.67123287671232876712328770,47.03402589581451370069256250,20.63720698089781506643072520
110639,São Domingos de Benfica,H12,Existentes,2019,2025,3108,4730,,,True,52.18790218790218790218790220,47.03402589581451370069256250,5.15387629208767420149533970
110654,Alvalade,H1,Total,2019,2025,3571,4922,,,True,37.83253990478857462895547470,37.83253990478857462895547470,0E-26
110654,Alvalade,H11,Novos,2019,2025,,,-,-,False,,37.83253990478857462895547470,
110654,Alvalade,H12,Existentes,2019,2025,3573,4901,,,True,37.16764623565631122306185280,37.83253990478857462895547470,-0.66489366913226340589362190
110655,Areeiro,H1,Total,2019,2025,3214,4552,,,True,41.63036714374611076540136900,41.63036714374611076540136900,0E-26
110655,Areeiro,H11,Novos,2019,2025,,7221,-,,False,,41.63036714374611076540136900,
110655,Areeiro,H12,Existentes,2019,2025,3300,4363,,,True,32.21212121212121212121212120,41.63036714374611076540136900,-9.41824593162489864418924780
110656,Arroios,H1,Total,2019,2025,3272,4523,,,True,38.23349633251833740831295840,38.23349633251833740831295840,0E-26
110656,Arroios,H11,Novos,2019,2025,3911,4724,,,True,20.78752237279468166709281510,38.23349633251833740831295840,-17.44597395972365574122014330
110656,Arroios,H12,Existentes,2019,2025,3182,4500,,,True,41.42049025769956002514142050,38.23349633251833740831295840,3.18699392518122261682846210
110657,Avenidas Novas,H1,Total,2019,2025,4038,5465,,,True,35.33927686973749380881624570,35.33927686973749380881624570,0E-26
110657,Avenidas Novas,H11,Novos,2019,2025,6037,7258,,,True,20.22527745568991220805035610,35.33927686973749380881624570,-15.11399941404758160076588960
110657,Avenidas Novas,H12,Existentes,2019,2025,3633,5156,,,True,41.92127718139278832920451420,35.33927686973749380881624570,6.58200031165529452038826850
110658,Belém,H1,Total,2019,2025,3571,5156,,,True,44.38532623914869784374124890,44.38532623914869784374124890,0E-26
110658,Belém,H11,Novos,2019,2025,4266,5882,,,True,37.88091889357712142522269100,44.38532623914869784374124890,-6.50440734557157641851855790
110658,Belém,H12,Existentes,2019,2025,3404,5052,,,True,48.41363102232667450058754410,44.38532623914869784374124890,4.02830478317797665684629520
110659,Campo de Ourique,H1,Total,2019,2025,3805,5890,,,True,54.79632063074901445466491460,54.79632063074901445466491460,0E-26
110659,Campo de Ourique,H11,Novos,2019,2025,4796,7000,,,True,45.95496246872393661384487070,54.79632063074901445466491460,-8.84135816202507784082004390
110659,Campo de Ourique,H12,Existentes,2019,2025,3670,5607,,,True,52.77929155313351498637602180,54.79632063074901445466491460,-2.01702907761549946828889280
110660,Estrela,H1,Total,2019,2025,3895,5629,,,True,44.51861360718870346598202820,44.51861360718870346598202820,0E-26
110660,Estrela,H11,Novos,2019,2025,4307,6206,,,True,44.09101462735082423960993730,44.51861360718870346598202820,-0.42759897983787922637209090
110660,Estrela,H12,Existentes,2019,2025,3830,5455,,,True,42.42819843342036553524804180,44.51861360718870346598202820,-2.09041517376833793073398640
110661,Misericórdia,H1,Total,2019,2025,4933,5569,,,True,12.89276302452868437056557880,12.89276302452868437056557880,0E-26
110661,Misericórdia,H11,Novos,2019,2025,5940,6557,,,True,10.38720538720538720538720540,12.89276302452868437056557880,-2.50555763732329716517837340
110661,Misericórdia,H12,Existentes,2019,2025,4300,5445,,,True,26.62790697674418604651162790,12.89276302452868437056557880,13.73514395221550167594604910
110662,Parque das Nações,H1,Total,2019,2025,4152,6317,,,True,52.14354527938342967244701350,52.14354527938342967244701350,0E-26
110662,Parque das Nações,H11,Novos,2019,2025,4255,7325,,,True,72.15041128084606345475910690,52.14354527938342967244701350,20.00686600146263378231209340
110662,Parque das Nações,H12,Existentes,2019,2025,4145,5653,,,True,36.38118214716525934861278650,52.14354527938342967244701350,-15.76236313221817032383422700
110663,Penha de França,H1,Total,2019,2025,2893,4282,,,True,48.01244382993432423090217770,48.01244382993432423090217770,0E-26
110663,Penha de França,H11,Novos,2019,2025,3606,,,-,False,,48.01244382993432423090217770,
110663,Penha de França,H12,Existentes,2019,2025,2829,4250,,,True,50.22976316719688936019794980,48.01244382993432423090217770,2.21731933726256512929577210
110664,Santa Clara,H1,Total,2019,2025,2435,3727,,,True,53.05954825462012320328542090,53.05954825462012320328542090,0E-26
110664,Santa Clara,H11,Novos,2019,2025,,,-,-,False,,53.05954825462012320328542090,
110664,Santa Clara,H12,Existentes,2019,2025,2458,3652,,,True,48.57607811228641171684296180,53.05954825462012320328542090,-4.48347014233371148644245910
110665,Santa Maria Maior,H1,Total,2019,2025,4755,5000,,,True,5.152471083070452155625657200,5.152471083070452155625657200,0E-27
110665,Santa Maria Maior,H11,Novos,2019,2025,5270,5651,,,True,7.229601518026565464895635700,5.152471083070452155625657200,2.077130434956113309269978500
110665,Santa Maria Maior,H12,Existentes,2019,2025,4137,4806,,,True,16.17113850616388687454677300,5.152471083070452155625657200,11.01866742309343471892111580
110666,Santo António,H1,Total,2019,2025,5140,6819,,,True,32.66536964980544747081712060,32.66536964980544747081712060,0E-26
110666,Santo António,H11,Novos,2019,2025,6031,9380,,,True,55.52976289172608191013098990,32.66536964980544747081712060,22.86439324192063443931386930
110666,Santo António,H12,Existentes,2019,2025,4566,6000,,,True,31.40604467805519053876478320,32.66536964980544747081712060,-1.25932497175025693205233740
110667,São Vicente,H1,Total,2019,2025,3447,4787,,,True,38.87438352190310414853495790,38.87438352190310414853495790,0E-26
110667,São Vicente,H11,Novos,2019,2025,4406,5606,,,True,27.23558783477076713572401270,38.87438352190310414853495790,-11.63879568713233701281094520
110667,São Vicente,H12,Existentes,2019,2025,3365,4714,,,True,40.08915304606240713224368500,38.87438352190310414853495790,1.21476952415930298370872710
