omitted_id,omitted_name,retained_parishes,neighbor_pairs,islands,morans_i,difference_from_full
110601,Ajuda,23,51,,0.34319639928956547,0.0010885842887278785
110602,Alcântara,23,48,,0.3410170479702593,-0.0010907670305783101
110607,Beato,23,51,,0.3485358365696846,0.006428021568847031
110608,Benfica,23,48,,0.33813486332743636,-0.003972951673401226
110610,Campolide,23,48,,0.38965662686658775,0.04754881186575016
110611,Carnide,23,51,,0.33869982935027043,-0.003407985650567158
110618,Lumiar,23,49,,0.34595155376646786,0.003843738765630267
110621,Marvila,23,49,,0.27834174110526694,-0.06376607389557065
110633,Olivais,23,49,,0.32087905292935576,-0.021228762071481833
110639,São Domingos de Benfica,23,48,,0.3479920900922467,0.005884275091409097
110654,Alvalade,23,48,,0.390658751414331,0.048550936413493395
110655,Areeiro,23,48,,0.3951338248092951,0.05302600980845751
110656,Arroios,23,48,,0.338038192654002,-0.004069622346835611
110657,Avenidas Novas,23,48,,0.33786847801875713,-0.004239336982080455
110658,Belém,23,51,,0.3463402084536093,0.00423239345277171
110659,Campo de Ourique,23,49,,0.3855243270867582,0.04341651208592062
110660,Estrela,23,51,,0.352084892622428,0.009977077621590391
110661,Misericórdia,23,50,,0.265448954080298,-0.07665886092053958
110662,Parque das Nações,23,52,,0.34130946265983975,-0.0007983523409978432
110663,Penha de França,23,50,,0.3757291349717693,0.03362131997093171
110664,Santa Clara,23,52,,0.33576772199842114,-0.006340093002416447
110665,Santa Maria Maior,23,50,,0.19603876637619755,-0.14606904862464004
110666,Santo António,23,48,,0.332608747858516,-0.009499067142321571
110667,São Vicente,23,51,,0.3371751119404973,-0.004932703060340271
