left_id,right_id,rook,queen_left_to_right,queen_right_to_left,rook_left_to_right,rook_right_to_left
110601,110602,True,0.3333333333333333,0.16666666666666666,0.3333333333333333,0.16666666666666666
110601,110608,True,0.3333333333333333,0.16666666666666666,0.3333333333333333,0.16666666666666666
110601,110658,True,0.3333333333333333,0.3333333333333333,0.3333333333333333,0.3333333333333333
110602,110608,True,0.16666666666666666,0.16666666666666666,0.16666666666666666,0.16666666666666666
110602,110610,True,0.16666666666666666,0.16666666666666666,0.16666666666666666,0.16666666666666666
110602,110658,True,0.16666666666666666,0.3333333333333333,0.16666666666666666,0.3333333333333333
110602,110659,True,0.16666666666666666,0.2,0.16666666666666666,0.2
110602,110660,True,0.16666666666666666,0.3333333333333333,0.16666666666666666,0.3333333333333333
110607,110621,True,0.3333333333333333,0.2,0.3333333333333333,0.2
110607,110655,True,0.3333333333333333,0.16666666666666666,0.3333333333333333,0.16666666666666666
110607,110663,True,0.3333333333333333,0.25,0.3333333333333333,0.25
110608,110610,True,0.16666666666666666,0.16666666666666666,0.16666666666666666,0.16666666666666666
110608,110611,True,0.16666666666666666,0.3333333333333333,0.16666666666666666,0.3333333333333333
110608,110639,True,0.16666666666666666,0.16666666666666666,0.16666666666666666,0.16666666666666666
110608,110658,True,0.16666666666666666,0.3333333333333333,0.16666666666666666,0.3333333333333333
110610,110639,True,0.16666666666666666,0.16666666666666666,0.16666666666666666,0.16666666666666666
110610,110657,True,0.16666666666666666,0.16666666666666666,0.16666666666666666,0.16666666666666666
110610,110659,True,0.16666666666666666,0.2,0.16666666666666666,0.2
110610,110666,True,0.16666666666666666,0.16666666666666666,0.16666666666666666,0.16666666666666666
110611,110618,True,0.3333333333333333,0.2,0.3333333333333333,0.2
110611,110639,True,0.3333333333333333,0.16666666666666666,0.3333333333333333,0.16666666666666666
110618,110633,True,0.2,0.2,0.2,0.2
110618,110639,True,0.2,0.16666666666666666,0.2,0.16666666666666666
110618,110654,True,0.2,0.16666666666666666,0.2,0.16666666666666666
110618,110664,True,0.2,0.5,0.2,0.5
110621,110633,True,0.2,0.2,0.2,0.2
110621,110654,True,0.2,0.16666666666666666,0.2,0.16666666666666666
110621,110655,True,0.2,0.16666666666666666,0.2,0.16666666666666666
110621,110662,True,0.2,0.5,0.2,0.5
110633,110654,True,0.2,0.16666666666666666,0.2,0.16666666666666666
110633,110662,True,0.2,0.5,0.2,0.5
110633,110664,True,0.2,0.5,0.2,0.5
110639,110654,True,0.16666666666666666,0.16666666666666666,0.16666666666666666,0.16666666666666666
110639,110657,True,0.16666666666666666,0.16666666666666666,0.16666666666666666,0.16666666666666666
110654,110655,True,0.16666666666666666,0.16666666666666666,0.16666666666666666,0.16666666666666666
110654,110657,True,0.16666666666666666,0.16666666666666666,0.16666666666666666,0.16666666666666666
110655,110656,True,0.16666666666666666,0.16666666666666666,0.16666666666666666,0.16666666666666666
110655,110657,True,0.16666666666666666,0.16666666666666666,0.16666666666666666,0.16666666666666666
110655,110663,True,0.16666666666666666,0.25,0.16666666666666666,0.25
110656,110657,True,0.16666666666666666,0.16666666666666666,0.16666666666666666,0.16666666666666666
110656,110663,True,0.16666666666666666,0.25,0.16666666666666666,0.25
110656,110665,True,0.16666666666666666,0.25,0.16666666666666666,0.25
110656,110666,True,0.16666666666666666,0.16666666666666666,0.16666666666666666,0.16666666666666666
110656,110667,True,0.16666666666666666,0.3333333333333333,0.16666666666666666,0.3333333333333333
110657,110666,True,0.16666666666666666,0.16666666666666666,0.16666666666666666,0.16666666666666666
110659,110660,True,0.2,0.3333333333333333,0.2,0.3333333333333333
110659,110661,True,0.2,0.25,0.2,0.25
110659,110666,True,0.2,0.16666666666666666,0.2,0.16666666666666666
110660,110661,True,0.3333333333333333,0.25,0.3333333333333333,0.25
110661,110665,True,0.25,0.25,0.25,0.25
110661,110666,True,0.25,0.16666666666666666,0.25,0.16666666666666666
110663,110667,True,0.25,0.3333333333333333,0.25,0.3333333333333333
110665,110666,True,0.25,0.16666666666666666,0.25,0.16666666666666666
110665,110667,True,0.25,0.3333333333333333,0.25,0.3333333333333333
