freguesia_id,freguesia_name,baseline_eur_m2,latest_eur_m2,percentage_change,log_change,absolute_change
110601,Ajuda,3323,4874,46.674691543785734,0.3830469658305571,1551.0
110602,Alcântara,3107,4658,49.91953653041519,0.4049285410512393,1551.0
110607,Beato,2325,4348,87.01075268817205,0.6259959302196441,2023.0
110608,Benfica,2713,4392,61.88720973092518,0.48172967053043525,1679.0
110610,Campolide,3079,5346,73.62780123416694,0.5517437487743635,2267.0
110611,Carnide,2911,4436,52.387495705942975,0.4212564047246339,1525.0
110618,Lumiar,2744,4548,65.74344023323616,0.5052708660246514,1804.0
110621,Marvila,2797,5029,79.79978548444763,0.5866737429700049,2232.0
110633,Olivais,2480,4238,70.88709677419355,0.5358328996692174,1758.0
110639,São Domingos de Benfica,3321,4883,47.034025895814516,0.3854938426849124,1562.0
110654,Alvalade,3571,4922,37.832539904788575,0.3208692833565525,1351.0
110655,Areeiro,3214,4552,41.63036714374611,0.34805042950870835,1338.0
110656,Arroios,3272,4523,38.233496332518335,0.32377407175520645,1251.0
110657,Avenidas Novas,4038,5465,35.339276869737496,0.30261460173785615,1427.0
110658,Belém,3571,5156,44.3853262391487,0.3673154164646295,1585.0
110659,Campo de Ourique,3805,5890,54.796320630749015,0.43694000634984675,2085.0
110660,Estrela,3895,5629,44.518613607188705,0.36823812715917725,1734.0
110661,Misericórdia,4933,5569,12.892763024528684,0.12126818235593007,636.0
110662,Parque das Nações,4152,6317,52.14354527938343,0.4196542660529765,2165.0
110663,Penha de França,2893,4282,48.01244382993433,0.3921261641734928,1389.0
110664,Santa Clara,2435,3727,53.059548254620125,0.4256568639625682,1292.0
110665,Santa Maria Maior,4755,5000,5.152471083070452,0.05024121643674739,245.0
110666,Santo António,5140,6819,32.66536964980545,0.2826597540714424,1679.0
110667,São Vicente,3447,4787,38.874383521903106,0.3283996228756436,1340.0
