year,freguesia_id,freguesia_name,sales,municipality_sales,municipality_sales_share_pct,sale_median_eur_m2
2019,110601,Ajuda,264,8665,3.046739757645701096364685516,3323
2019,110602,Alcântara,233,8665,2.688978649740334679746105020,3107
2019,110607,Beato,169,8665,1.950375072129255626081938834,2325
2019,110608,Benfica,520,8665,6.001154068090017311021350260,2713
2019,110610,Campolide,243,8665,2.804385458742065781881130987,3079
2019,110611,Carnide,166,8665,1.915753029428736295441431044,2911
2019,110618,Lumiar,648,8665,7.478361223312175418349682631,2744
2019,110621,Marvila,109,8665,1.257934218118869013271783035,2797
2019,110633,Olivais,339,8665,3.912290825158684362377380265,2480
2019,110639,São Domingos de Benfica,450,8665,5.193306405077899596076168494,3321
2019,110654,Alvalade,367,8665,4.235429890363531448355452972,3571
2019,110655,Areeiro,299,8665,3.450663589151759953837276399,3214
2019,110656,Arroios,704,8665,8.124639353721869590305828044,3272
2019,110657,Avenidas Novas,543,8665,6.266589728793998845931909983,4038
2019,110658,Belém,271,8665,3.127524523946912867859203693,3571
2019,110659,Campo de Ourique,370,8665,4.270051933064050778995960762,3805
2019,110660,Estrela,449,8665,5.181765724177726485862665897,3895
2019,110661,Misericórdia,361,8665,4.166185804962492787074437392,4933
2019,110662,Parque das Nações,308,8665,3.554529717253317945758799769,4152
2019,110663,Penha de França,535,8665,6.174264281592613964223889209,2893
2019,110664,Santa Clara,138,8665,1.592613964223889209463358338,2435
2019,110665,Santa Maria Maior,398,8665,4.593190998268897864974033468,4755
2019,110666,Santo António,455,8665,5.251009809578765147143681477,5140
2019,110667,São Vicente,326,8665,3.762261973456433929601846509,3447
2020,110601,Ajuda,200,7291,2.743107941297490056233712797,3063
2020,110602,Alcântara,219,7291,3.003703195720751611575915512,3279
2020,110607,Beato,116,7291,1.591002605952544232615553422,2478
2020,110608,Benfica,466,7291,6.391441503223151831024550816,2758
2020,110610,Campolide,190,7291,2.605952544232615553422027157,3466
2020,110611,Carnide,115,7291,1.577287066246056782334384858,3324
2020,110618,Lumiar,519,7291,7.118365107666986695926484707,2883
2020,110621,Marvila,56,7291,0.7680702235632972157454395830,2763
2020,110633,Olivais,250,7291,3.428884926621862570292140996,2511
2020,110639,São Domingos de Benfica,408,7291,5.595940200246879714716774105,3443
2020,110654,Alvalade,335,7291,4.594705801673295844191468934,3563
2020,110655,Areeiro,239,7291,3.278013989850500617199286792,3320
2020,110656,Arroios,631,7291,8.654505554793581127417363873,3604
2020,110657,Avenidas Novas,426,7291,5.842819914963653819777808257,4010
2020,110658,Belém,225,7291,3.085996433959676313262926896,3853
2020,110659,Campo de Ourique,344,7291,4.718145659031682896721986010,3622
2020,110660,Estrela,408,7291,5.595940200246879714716774105,4097
2020,110661,Misericórdia,313,7291,4.292963928130571938005760527,4710
2020,110662,Parque das Nações,277,7291,3.799204498697023727883692223,4018
2020,110663,Penha de França,381,7291,5.225620628171718557125222878,3033
2020,110664,Santa Clara,97,7291,1.330407351529282677273350706,2259
2020,110665,Santa Maria Maior,315,7291,4.320395007543546838568097655,5682
2020,110666,Santo António,399,7291,5.472500342888492662186257029,5503
2020,110667,São Vicente,362,7291,4.965025373748457001783020162,3506
2021,110601,Ajuda,213,7934,2.684648348878245525586085203,3333
2021,110602,Alcântara,242,7934,3.050163851777161583060247038,3309
2021,110607,Beato,127,7934,1.600705823040080665490294933,2762
2021,110608,Benfica,548,7934,6.906982606503655155028989161,2897
2021,110610,Campolide,199,7934,2.508192588858079153012351903,3374
2021,110611,Carnide,123,7934,1.550289891605747416183513990,3490
2021,110618,Lumiar,469,7934,5.911267960675573481220065541,3211
2021,110621,Marvila,129,7934,1.625913788757247290143685405,3335
2021,110633,Olivais,326,7934,4.108898411898159818502646836,2805
2021,110639,São Domingos de Benfica,427,7934,5.381900680615074363498865642,3362
2021,110654,Alvalade,346,7934,4.360978069069826065036551550,3808
2021,110655,Areeiro,233,7934,2.936728006049911772119989917,3500
2021,110656,Arroios,716,7934,9.024451726745651625913788757,3450
2021,110657,Avenidas Novas,454,7934,5.722208217796823796319637005,4243
2021,110658,Belém,242,7934,3.050163851777161583060247038,3824
2021,110659,Campo de Ourique,416,7934,5.243256869170657927905218049,3988
2021,110660,Estrela,518,7934,6.528863120746155785228132090,4061
2021,110661,Misericórdia,307,7934,3.869422737585076884295437358,4375
2021,110662,Parque das Nações,310,7934,3.907234686160826821275523065,4431
2021,110663,Penha de França,446,7934,5.621376354928157297706075120,3156
2021,110664,Santa Clara,117,7934,1.474665994454247542223342576,2501
2021,110665,Santa Maria Maior,274,7934,3.453491303251827577514494580,4157
2021,110666,Santo António,461,7934,5.810436097806906982606503655,5435
2021,110667,São Vicente,291,7934,3.667759011847743887068313587,3409
2022,110601,Ajuda,236,8083,2.919708029197080291970802920,4068
2022,110602,Alcântara,238,8083,2.944451317580106396140047012,3732
2022,110607,Beato,142,8083,1.756773475194853396016330570,3009
2022,110608,Benfica,501,8083,6.198193739948039094395645181,3288
2022,110610,Campolide,187,8083,2.313497463812940739824322652,3559
2022,110611,Carnide,143,8083,1.769145119386366448100952617,3649
2022,110618,Lumiar,545,8083,6.742546084374613386119015217,3371
2022,110621,Marvila,199,8083,2.461957194111097364839787208,5440
2022,110633,Olivais,424,8083,5.245577137201534083879747618,3175
2022,110639,São Domingos de Benfica,374,8083,4.626994927625881479648645305,3758
2022,110654,Alvalade,378,8083,4.676481504391933687987133490,4271
2022,110655,Areeiro,257,8083,3.179512557218854385747865891,3793
2022,110656,Arroios,673,8083,8.326116540888284052950637140,3870
2022,110657,Avenidas Novas,410,8083,5.072374118520351354695038971,4339
2022,110658,Belém,202,8083,2.499072126685636521093653347,4265
2022,110659,Campo de Ourique,361,8083,4.466163553136211802548558703,4760
2022,110660,Estrela,427,8083,5.282692069776073240133613757,4448
2022,110661,Misericórdia,370,8083,4.577508350859829271310157120,4449
2022,110662,Parque das Nações,222,8083,2.746505010515897562786094272,4690
2022,110663,Penha de França,507,8083,6.272423605097117406903377459,3246
2022,110664,Santa Clara,138,8083,1.707286898428801187677842385,2622
2022,110665,Santa Maria Maior,286,8083,3.538290238772732896201905233,4392
2022,110666,Santo António,456,8083,5.641469751329951750587653099,5753
2022,110667,São Vicente,407,8083,5.035259185945812198441172832,4200
2023,110601,Ajuda,188,7215,2.605682605682605682605682606,3704
2023,110602,Alcântara,233,7215,3.229383229383229383229383229,4253
2023,110607,Beato,114,7215,1.580041580041580041580041580,3096
2023,110608,Benfica,613,7215,8.496188496188496188496188496,3827
2023,110610,Campolide,145,7215,2.009702009702009702009702010,4167
2023,110611,Carnide,167,7215,2.314622314622314622314622315,4310
2023,110618,Lumiar,536,7215,7.428967428967428967428967429,3632
2023,110621,Marvila,170,7215,2.356202356202356202356202356,5833
2023,110633,Olivais,287,7215,3.977823977823977823977823978,3487
2023,110639,São Domingos de Benfica,315,7215,4.365904365904365904365904366,3966
2023,110654,Alvalade,284,7215,3.936243936243936243936243936,4520
2023,110655,Areeiro,326,7215,4.518364518364518364518364518,4470
2023,110656,Arroios,646,7215,8.953568953568953568953568954,4163
2023,110657,Avenidas Novas,333,7215,4.615384615384615384615384615,4554
2023,110658,Belém,150,7215,2.079002079002079002079002079,4483
2023,110659,Campo de Ourique,273,7215,3.783783783783783783783783784,4769
2023,110660,Estrela,481,7215,6.666666666666666666666666667,5051
2023,110661,Misericórdia,342,7215,4.740124740124740124740124740,5288
2023,110662,Parque das Nações,201,7215,2.785862785862785862785862786,5077
2023,110663,Penha de França,440,7215,6.098406098406098406098406098,3570
2023,110664,Santa Clara,88,7215,1.219681219681219681219681220,2783
2023,110665,Santa Maria Maior,290,7215,4.019404019404019404019404019,4928
2023,110666,Santo António,364,7215,5.045045045045045045045045045,6458
2023,110667,São Vicente,229,7215,3.173943173943173943173943174,4052
2024,110601,Ajuda,232,8300,2.795180722891566265060240964,4082
2024,110602,Alcântara,262,8300,3.156626506024096385542168675,4363
2024,110607,Beato,139,8300,1.674698795180722891566265060,3982
2024,110608,Benfica,592,8300,7.132530120481927710843373494,3971
2024,110610,Campolide,204,8300,2.457831325301204819277108434,4773
2024,110611,Carnide,114,8300,1.373493975903614457831325301,4197
2024,110618,Lumiar,802,8300,9.662650602409638554216867470,3885
2024,110621,Marvila,178,8300,2.144578313253012048192771084,5623
2024,110633,Olivais,304,8300,3.662650602409638554216867470,3523
2024,110639,São Domingos de Benfica,391,8300,4.710843373493975903614457831,4198
2024,110654,Alvalade,384,8300,4.626506024096385542168674699,4647
2024,110655,Areeiro,388,8300,4.674698795180722891566265060,4853
2024,110656,Arroios,601,8300,7.240963855421686746987951807,4271
2024,110657,Avenidas Novas,364,8300,4.385542168674698795180722892,4680
2024,110658,Belém,229,8300,2.759036144578313253012048193,4917
2024,110659,Campo de Ourique,378,8300,4.554216867469879518072289157,5204
2024,110660,Estrela,496,8300,5.975903614457831325301204819,5474
2024,110661,Misericórdia,307,8300,3.698795180722891566265060241,5405
2024,110662,Parque das Nações,249,8300,3,5171
2024,110663,Penha de França,469,8300,5.650602409638554216867469880,3649
2024,110664,Santa Clara,186,8300,2.240963855421686746987951807,3416
2024,110665,Santa Maria Maior,289,8300,3.481927710843373493975903614,5200
2024,110666,Santo António,368,8300,4.433734939759036144578313253,5879
2024,110667,São Vicente,374,8300,4.506024096385542168674698795,4638
2025,110601,Ajuda,244,8235,2.962962962962962962962962963,4874
2025,110602,Alcântara,215,8235,2.610807528840315725561627201,4658
2025,110607,Beato,193,8235,2.343655130540376442015786278,4348
2025,110608,Benfica,515,8235,6.253794778384942319368548877,4392
2025,110610,Campolide,273,8235,3.315118397085610200364298725,5346
2025,110611,Carnide,111,8235,1.347905282331511839708561020,4436
2025,110618,Lumiar,602,8235,7.310261080752884031572556163,4548
2025,110621,Marvila,106,8235,1.287188828172434729811778992,5029
2025,110633,Olivais,331,8235,4.019429265330904675166970249,4238
2025,110639,São Domingos de Benfica,426,8235,5.173041894353369763205828780,4883
2025,110654,Alvalade,301,8235,3.655130540376442015786278081,4922
2025,110655,Areeiro,257,8235,3.120825743776563448694596236,4552
2025,110656,Arroios,673,8235,8.172434729811778992106860959,4523
2025,110657,Avenidas Novas,438,8235,5.318761384335154826958105647,5465
2025,110658,Belém,233,8235,2.829386763812993321190042502,5156
2025,110659,Campo de Ourique,336,8235,4.080145719489981785063752277,5890
2025,110660,Estrela,470,8235,5.707346690953248330297510625,5629
2025,110661,Misericórdia,364,8235,4.420157862780813600485731633,5569
2025,110662,Parque das Nações,410,8235,4.978749241044323011536126290,6317
2025,110663,Penha de França,562,8235,6.824529447480267152398299939,4282
2025,110664,Santa Clara,132,8235,1.602914389799635701275045537,3727
2025,110665,Santa Maria Maior,320,8235,3.885853066180935033394049787,5000
2025,110666,Santo António,360,8235,4.371584699453551912568306011,6819
2025,110667,São Vicente,363,8235,4.408014571948998178506375228,4787
