freguesia_id,freguesia_name,baseline_year,latest_year,baseline_sales,latest_sales,sales_change,sales_change_pct,baseline_sales_share_pct,latest_sales_share_pct,sales_share_change_pp,baseline_sale_median_eur_m2,latest_sale_median_eur_m2,sale_median_change_pct
110601,Ajuda,2019,2025,264,244,-20,-7.575757575757575757575757576,3.046739757645701096364685516,2.962962962962962962962962963,-0.083776794682738133401722553,3323,4874,46.67469154378573578092085465
110602,Alcântara,2019,2025,233,215,-18,-7.725321888412017167381974249,2.688978649740334679746105020,2.610807528840315725561627201,-0.078171120900018954184477819,3107,4658,49.91953653041519150305761184
110607,Beato,2019,2025,169,193,24,14.20118343195266272189349112,1.950375072129255626081938834,2.343655130540376442015786278,0.393280058411120815933847444,2325,4348,87.01075268817204301075268817
110608,Benfica,2019,2025,520,515,-5,-0.9615384615384615384615384615,6.001154068090017311021350260,6.253794778384942319368548877,0.252640710294925008347198617,2713,4392,61.88720973092517508293402138
110610,Campolide,2019,2025,243,273,30,12.34567901234567901234567901,2.804385458742065781881130987,3.315118397085610200364298725,0.510732938343544418483167738,3079,5346,73.62780123416693731731081520
110611,Carnide,2019,2025,166,111,-55,-33.13253012048192771084337349,1.915753029428736295441431044,1.347905282331511839708561020,-0.567847747097224455732870024,2911,4436,52.38749570594297492270697355
110618,Lumiar,2019,2025,648,602,-46,-7.098765432098765432098765432,7.478361223312175418349682631,7.310261080752884031572556163,-0.168100142559291386777126468,2744,4548,65.74344023323615160349854227
110621,Marvila,2019,2025,109,106,-3,-2.752293577981651376146788991,1.257934218118869013271783035,1.287188828172434729811778992,0.029254610053565716539995957,2797,5029,79.79978548444762245262781552
110633,Olivais,2019,2025,339,331,-8,-2.359882005899705014749262537,3.912290825158684362377380265,4.019429265330904675166970249,0.107138440172220312789589984,2480,4238,70.88709677419354838709677419
110639,São Domingos de Benfica,2019,2025,450,426,-24,-5.333333333333333333333333333,5.193306405077899596076168494,5.173041894353369763205828780,-0.020264510724529832870339714,3321,4883,47.03402589581451370069256248
110654,Alvalade,2019,2025,367,301,-66,-17.98365122615803814713896458,4.235429890363531448355452972,3.655130540376442015786278081,-0.580299349987089432569174891,3571,4922,37.83253990478857462895547466
110655,Areeiro,2019,2025,299,257,-42,-14.04682274247491638795986622,3.450663589151759953837276399,3.120825743776563448694596236,-0.329837845375196505142680163,3214,4552,41.63036714374611076540136901
110656,Arroios,2019,2025,704,673,-31,-4.403409090909090909090909091,8.124639353721869590305828044,8.172434729811778992106860959,0.047795376089909401801032915,3272,4523,38.23349633251833740831295844
110657,Avenidas Novas,2019,2025,543,438,-105,-19.33701657458563535911602210,6.266589728793998845931909983,5.318761384335154826958105647,-0.947828344458844018973804336,4038,5465,35.33927686973749380881624567
110658,Belém,2019,2025,271,233,-38,-14.02214022140221402214022140,3.127524523946912867859203693,2.829386763812993321190042502,-0.298137760133919546669161191,3571,5156,44.38532623914869784374124895
110659,Campo de Ourique,2019,2025,370,336,-34,-9.189189189189189189189189189,4.270051933064050778995960762,4.080145719489981785063752277,-0.189906213574068993932208485,3805,5890,54.79632063074901445466491459
110660,Estrela,2019,2025,449,470,21,4.677060133630289532293986637,5.181765724177726485862665897,5.707346690953248330297510625,0.525580966775521844434844728,3895,5629,44.51861360718870346598202824
110661,Misericórdia,2019,2025,361,364,3,0.8310249307479224376731301939,4.166185804962492787074437392,4.420157862780813600485731633,0.253972057818320813411294241,4933,5569,12.89276302452868437056557876
110662,Parque das Nações,2019,2025,308,410,102,33.11688311688311688311688312,3.554529717253317945758799769,4.978749241044323011536126290,1.424219523791005065777326521,4152,6317,52.14354527938342967244701349
110663,Penha de França,2019,2025,535,562,27,5.046728971962616822429906542,6.174264281592613964223889209,6.824529447480267152398299939,0.650265165887653188174410730,2893,4282,48.01244382993432423090217767
110664,Santa Clara,2019,2025,138,132,-6,-4.347826086956521739130434783,1.592613964223889209463358338,1.602914389799635701275045537,0.010300425575746491811687199,2435,3727,53.05954825462012320328542094
110665,Santa Maria Maior,2019,2025,398,320,-78,-19.59798994974874371859296482,4.593190998268897864974033468,3.885853066180935033394049787,-0.707337932087962831579983681,4755,5000,5.152471083070452155625657203
110666,Santo António,2019,2025,455,360,-95,-20.87912087912087912087912088,5.251009809578765147143681477,4.371584699453551912568306011,-0.879425110125213234575375466,5140,6819,32.66536964980544747081712062
110667,São Vicente,2019,2025,326,363,37,11.34969325153374233128834356,3.762261973456433929601846509,4.408014571948998178506375228,0.645752598492564248904528719,3447,4787,38.87438352190310414853495793
