quarter,reference_date,municipality_code,freguesia_id,freguesia_name
2019Q4,2019-12-31,1106,110601,Ajuda
2019Q4,2019-12-31,1106,110602,Alcântara
2019Q4,2019-12-31,1106,110607,Beato
2019Q4,2019-12-31,1106,110608,Benfica
2019Q4,2019-12-31,1106,110610,Campolide
2019Q4,2019-12-31,1106,110611,Carnide
2019Q4,2019-12-31,1106,110618,Lumiar
2019Q4,2019-12-31,1106,110621,Marvila
2019Q4,2019-12-31,1106,110633,Olivais
2019Q4,2019-12-31,1106,110639,São Domingos de Benfica
2019Q4,2019-12-31,1106,110654,Alvalade
2019Q4,2019-12-31,1106,110655,Areeiro
2019Q4,2019-12-31,1106,110656,Arroios
2019Q4,2019-12-31,1106,110657,Avenidas Novas
2019Q4,2019-12-31,1106,110658,Belém
2019Q4,2019-12-31,1106,110659,Campo de Ourique
2019Q4,2019-12-31,1106,110660,Estrela
2019Q4,2019-12-31,1106,110661,Misericórdia
2019Q4,2019-12-31,1106,110662,Parque das Nações
2019Q4,2019-12-31,1106,110663,Penha de França
2019Q4,2019-12-31,1106,110664,Santa Clara
2019Q4,2019-12-31,1106,110665,Santa Maria Maior
2019Q4,2019-12-31,1106,110666,Santo António
2019Q4,2019-12-31,1106,110667,São Vicente
2020Q1,2020-03-31,1106,110601,Ajuda
2020Q1,2020-03-31,1106,110602,Alcântara
2020Q1,2020-03-31,1106,110607,Beato
2020Q1,2020-03-31,1106,110608,Benfica
2020Q1,2020-03-31,1106,110610,Campolide
2020Q1,2020-03-31,1106,110611,Carnide
2020Q1,2020-03-31,1106,110618,Lumiar
2020Q1,2020-03-31,1106,110621,Marvila
2020Q1,2020-03-31,1106,110633,Olivais
2020Q1,2020-03-31,1106,110639,São Domingos de Benfica
2020Q1,2020-03-31,1106,110654,Alvalade
2020Q1,2020-03-31,1106,110655,Areeiro
2020Q1,2020-03-31,1106,110656,Arroios
2020Q1,2020-03-31,1106,110657,Avenidas Novas
2020Q1,2020-03-31,1106,110658,Belém
2020Q1,2020-03-31,1106,110659,Campo de Ourique
2020Q1,2020-03-31,1106,110660,Estrela
2020Q1,2020-03-31,1106,110661,Misericórdia
2020Q1,2020-03-31,1106,110662,Parque das Nações
2020Q1,2020-03-31,1106,110663,Penha de França
2020Q1,2020-03-31,1106,110664,Santa Clara
2020Q1,2020-03-31,1106,110665,Santa Maria Maior
2020Q1,2020-03-31,1106,110666,Santo António
2020Q1,2020-03-31,1106,110667,São Vicente
2020Q2,2020-06-30,1106,110601,Ajuda
2020Q2,2020-06-30,1106,110602,Alcântara
2020Q2,2020-06-30,1106,110607,Beato
2020Q2,2020-06-30,1106,110608,Benfica
2020Q2,2020-06-30,1106,110610,Campolide
2020Q2,2020-06-30,1106,110611,Carnide
2020Q2,2020-06-30,1106,110618,Lumiar
2020Q2,2020-06-30,1106,110621,Marvila
2020Q2,2020-06-30,1106,110633,Olivais
2020Q2,2020-06-30,1106,110639,São Domingos de Benfica
2020Q2,2020-06-30,1106,110654,Alvalade
2020Q2,2020-06-30,1106,110655,Areeiro
2020Q2,2020-06-30,1106,110656,Arroios
2020Q2,2020-06-30,1106,110657,Avenidas Novas
2020Q2,2020-06-30,1106,110658,Belém
2020Q2,2020-06-30,1106,110659,Campo de Ourique
2020Q2,2020-06-30,1106,110660,Estrela
2020Q2,2020-06-30,1106,110661,Misericórdia
2020Q2,2020-06-30,1106,110662,Parque das Nações
2020Q2,2020-06-30,1106,110663,Penha de França
2020Q2,2020-06-30,1106,110664,Santa Clara
2020Q2,2020-06-30,1106,110665,Santa Maria Maior
2020Q2,2020-06-30,1106,110666,Santo António
2020Q2,2020-06-30,1106,110667,São Vicente
2020Q3,2020-09-30,1106,110601,Ajuda
2020Q3,2020-09-30,1106,110602,Alcântara
2020Q3,2020-09-30,1106,110607,Beato
2020Q3,2020-09-30,1106,110608,Benfica
2020Q3,2020-09-30,1106,110610,Campolide
2020Q3,2020-09-30,1106,110611,Carnide
2020Q3,2020-09-30,1106,110618,Lumiar
2020Q3,2020-09-30,1106,110621,Marvila
2020Q3,2020-09-30,1106,110633,Olivais
2020Q3,2020-09-30,1106,110639,São Domingos de Benfica
2020Q3,2020-09-30,1106,110654,Alvalade
2020Q3,2020-09-30,1106,110655,Areeiro
2020Q3,2020-09-30,1106,110656,Arroios
2020Q3,2020-09-30,1106,110657,Avenidas Novas
2020Q3,2020-09-30,1106,110658,Belém
2020Q3,2020-09-30,1106,110659,Campo de Ourique
2020Q3,2020-09-30,1106,110660,Estrela
2020Q3,2020-09-30,1106,110661,Misericórdia
2020Q3,2020-09-30,1106,110662,Parque das Nações
2020Q3,2020-09-30,1106,110663,Penha de França
2020Q3,2020-09-30,1106,110664,Santa Clara
2020Q3,2020-09-30,1106,110665,Santa Maria Maior
2020Q3,2020-09-30,1106,110666,Santo António
2020Q3,2020-09-30,1106,110667,São Vicente
2020Q4,2020-12-31,1106,110601,Ajuda
2020Q4,2020-12-31,1106,110602,Alcântara
2020Q4,2020-12-31,1106,110607,Beato
2020Q4,2020-12-31,1106,110608,Benfica
2020Q4,2020-12-31,1106,110610,Campolide
2020Q4,2020-12-31,1106,110611,Carnide
2020Q4,2020-12-31,1106,110618,Lumiar
2020Q4,2020-12-31,1106,110621,Marvila
2020Q4,2020-12-31,1106,110633,Olivais
2020Q4,2020-12-31,1106,110639,São Domingos de Benfica
2020Q4,2020-12-31,1106,110654,Alvalade
2020Q4,2020-12-31,1106,110655,Areeiro
2020Q4,2020-12-31,1106,110656,Arroios
2020Q4,2020-12-31,1106,110657,Avenidas Novas
2020Q4,2020-12-31,1106,110658,Belém
2020Q4,2020-12-31,1106,110659,Campo de Ourique
2020Q4,2020-12-31,1106,110660,Estrela
2020Q4,2020-12-31,1106,110661,Misericórdia
2020Q4,2020-12-31,1106,110662,Parque das Nações
2020Q4,2020-12-31,1106,110663,Penha de França
2020Q4,2020-12-31,1106,110664,Santa Clara
2020Q4,2020-12-31,1106,110665,Santa Maria Maior
2020Q4,2020-12-31,1106,110666,Santo António
2020Q4,2020-12-31,1106,110667,São Vicente
2021Q1,2021-03-31,1106,110601,Ajuda
2021Q1,2021-03-31,1106,110602,Alcântara
2021Q1,2021-03-31,1106,110607,Beato
2021Q1,2021-03-31,1106,110608,Benfica
2021Q1,2021-03-31,1106,110610,Campolide
2021Q1,2021-03-31,1106,110611,Carnide
2021Q1,2021-03-31,1106,110618,Lumiar
2021Q1,2021-03-31,1106,110621,Marvila
2021Q1,2021-03-31,1106,110633,Olivais
2021Q1,2021-03-31,1106,110639,São Domingos de Benfica
2021Q1,2021-03-31,1106,110654,Alvalade
2021Q1,2021-03-31,1106,110655,Areeiro
2021Q1,2021-03-31,1106,110656,Arroios
2021Q1,2021-03-31,1106,110657,Avenidas Novas
2021Q1,2021-03-31,1106,110658,Belém
2021Q1,2021-03-31,1106,110659,Campo de Ourique
2021Q1,2021-03-31,1106,110660,Estrela
2021Q1,2021-03-31,1106,110661,Misericórdia
2021Q1,2021-03-31,1106,110662,Parque das Nações
2021Q1,2021-03-31,1106,110663,Penha de França
2021Q1,2021-03-31,1106,110664,Santa Clara
2021Q1,2021-03-31,1106,110665,Santa Maria Maior
2021Q1,2021-03-31,1106,110666,Santo António
2021Q1,2021-03-31,1106,110667,São Vicente
2021Q2,2021-06-30,1106,110601,Ajuda
2021Q2,2021-06-30,1106,110602,Alcântara
2021Q2,2021-06-30,1106,110607,Beato
2021Q2,2021-06-30,1106,110608,Benfica
2021Q2,2021-06-30,1106,110610,Campolide
2021Q2,2021-06-30,1106,110611,Carnide
2021Q2,2021-06-30,1106,110618,Lumiar
2021Q2,2021-06-30,1106,110621,Marvila
2021Q2,2021-06-30,1106,110633,Olivais
2021Q2,2021-06-30,1106,110639,São Domingos de Benfica
2021Q2,2021-06-30,1106,110654,Alvalade
2021Q2,2021-06-30,1106,110655,Areeiro
2021Q2,2021-06-30,1106,110656,Arroios
2021Q2,2021-06-30,1106,110657,Avenidas Novas
2021Q2,2021-06-30,1106,110658,Belém
2021Q2,2021-06-30,1106,110659,Campo de Ourique
2021Q2,2021-06-30,1106,110660,Estrela
2021Q2,2021-06-30,1106,110661,Misericórdia
2021Q2,2021-06-30,1106,110662,Parque das Nações
2021Q2,2021-06-30,1106,110663,Penha de França
2021Q2,2021-06-30,1106,110664,Santa Clara
2021Q2,2021-06-30,1106,110665,Santa Maria Maior
2021Q2,2021-06-30,1106,110666,Santo António
2021Q2,2021-06-30,1106,110667,São Vicente
2021Q3,2021-09-30,1106,110601,Ajuda
2021Q3,2021-09-30,1106,110602,Alcântara
2021Q3,2021-09-30,1106,110607,Beato
2021Q3,2021-09-30,1106,110608,Benfica
2021Q3,2021-09-30,1106,110610,Campolide
2021Q3,2021-09-30,1106,110611,Carnide
2021Q3,2021-09-30,1106,110618,Lumiar
2021Q3,2021-09-30,1106,110621,Marvila
2021Q3,2021-09-30,1106,110633,Olivais
2021Q3,2021-09-30,1106,110639,São Domingos de Benfica
2021Q3,2021-09-30,1106,110654,Alvalade
2021Q3,2021-09-30,1106,110655,Areeiro
2021Q3,2021-09-30,1106,110656,Arroios
2021Q3,2021-09-30,1106,110657,Avenidas Novas
2021Q3,2021-09-30,1106,110658,Belém
2021Q3,2021-09-30,1106,110659,Campo de Ourique
2021Q3,2021-09-30,1106,110660,Estrela
2021Q3,2021-09-30,1106,110661,Misericórdia
2021Q3,2021-09-30,1106,110662,Parque das Nações
2021Q3,2021-09-30,1106,110663,Penha de França
2021Q3,2021-09-30,1106,110664,Santa Clara
2021Q3,2021-09-30,1106,110665,Santa Maria Maior
2021Q3,2021-09-30,1106,110666,Santo António
2021Q3,2021-09-30,1106,110667,São Vicente
2021Q4,2021-12-31,1106,110601,Ajuda
2021Q4,2021-12-31,1106,110602,Alcântara
2021Q4,2021-12-31,1106,110607,Beato
2021Q4,2021-12-31,1106,110608,Benfica
2021Q4,2021-12-31,1106,110610,Campolide
2021Q4,2021-12-31,1106,110611,Carnide
2021Q4,2021-12-31,1106,110618,Lumiar
2021Q4,2021-12-31,1106,110621,Marvila
2021Q4,2021-12-31,1106,110633,Olivais
2021Q4,2021-12-31,1106,110639,São Domingos de Benfica
2021Q4,2021-12-31,1106,110654,Alvalade
2021Q4,2021-12-31,1106,110655,Areeiro
2021Q4,2021-12-31,1106,110656,Arroios
2021Q4,2021-12-31,1106,110657,Avenidas Novas
2021Q4,2021-12-31,1106,110658,Belém
2021Q4,2021-12-31,1106,110659,Campo de Ourique
2021Q4,2021-12-31,1106,110660,Estrela
2021Q4,2021-12-31,1106,110661,Misericórdia
2021Q4,2021-12-31,1106,110662,Parque das Nações
2021Q4,2021-12-31,1106,110663,Penha de França
2021Q4,2021-12-31,1106,110664,Santa Clara
2021Q4,2021-12-31,1106,110665,Santa Maria Maior
2021Q4,2021-12-31,1106,110666,Santo António
2021Q4,2021-12-31,1106,110667,São Vicente
2022Q1,2022-03-31,1106,110601,Ajuda
2022Q1,2022-03-31,1106,110602,Alcântara
2022Q1,2022-03-31,1106,110607,Beato
2022Q1,2022-03-31,1106,110608,Benfica
2022Q1,2022-03-31,1106,110610,Campolide
2022Q1,2022-03-31,1106,110611,Carnide
2022Q1,2022-03-31,1106,110618,Lumiar
2022Q1,2022-03-31,1106,110621,Marvila
2022Q1,2022-03-31,1106,110633,Olivais
2022Q1,2022-03-31,1106,110639,São Domingos de Benfica
2022Q1,2022-03-31,1106,110654,Alvalade
2022Q1,2022-03-31,1106,110655,Areeiro
2022Q1,2022-03-31,1106,110656,Arroios
2022Q1,2022-03-31,1106,110657,Avenidas Novas
2022Q1,2022-03-31,1106,110658,Belém
2022Q1,2022-03-31,1106,110659,Campo de Ourique
2022Q1,2022-03-31,1106,110660,Estrela
2022Q1,2022-03-31,1106,110661,Misericórdia
2022Q1,2022-03-31,1106,110662,Parque das Nações
2022Q1,2022-03-31,1106,110663,Penha de França
2022Q1,2022-03-31,1106,110664,Santa Clara
2022Q1,2022-03-31,1106,110665,Santa Maria Maior
2022Q1,2022-03-31,1106,110666,Santo António
2022Q1,2022-03-31,1106,110667,São Vicente
2022Q2,2022-06-30,1106,110601,Ajuda
2022Q2,2022-06-30,1106,110602,Alcântara
2022Q2,2022-06-30,1106,110607,Beato
2022Q2,2022-06-30,1106,110608,Benfica
2022Q2,2022-06-30,1106,110610,Campolide
2022Q2,2022-06-30,1106,110611,Carnide
2022Q2,2022-06-30,1106,110618,Lumiar
2022Q2,2022-06-30,1106,110621,Marvila
2022Q2,2022-06-30,1106,110633,Olivais
2022Q2,2022-06-30,1106,110639,São Domingos de Benfica
2022Q2,2022-06-30,1106,110654,Alvalade
2022Q2,2022-06-30,1106,110655,Areeiro
2022Q2,2022-06-30,1106,110656,Arroios
2022Q2,2022-06-30,1106,110657,Avenidas Novas
2022Q2,2022-06-30,1106,110658,Belém
2022Q2,2022-06-30,1106,110659,Campo de Ourique
2022Q2,2022-06-30,1106,110660,Estrela
2022Q2,2022-06-30,1106,110661,Misericórdia
2022Q2,2022-06-30,1106,110662,Parque das Nações
2022Q2,2022-06-30,1106,110663,Penha de França
2022Q2,2022-06-30,1106,110664,Santa Clara
2022Q2,2022-06-30,1106,110665,Santa Maria Maior
2022Q2,2022-06-30,1106,110666,Santo António
2022Q2,2022-06-30,1106,110667,São Vicente
2022Q3,2022-09-30,1106,110601,Ajuda
2022Q3,2022-09-30,1106,110602,Alcântara
2022Q3,2022-09-30,1106,110607,Beato
2022Q3,2022-09-30,1106,110608,Benfica
2022Q3,2022-09-30,1106,110610,Campolide
2022Q3,2022-09-30,1106,110611,Carnide
2022Q3,2022-09-30,1106,110618,Lumiar
2022Q3,2022-09-30,1106,110621,Marvila
2022Q3,2022-09-30,1106,110633,Olivais
2022Q3,2022-09-30,1106,110639,São Domingos de Benfica
2022Q3,2022-09-30,1106,110654,Alvalade
2022Q3,2022-09-30,1106,110655,Areeiro
2022Q3,2022-09-30,1106,110656,Arroios
2022Q3,2022-09-30,1106,110657,Avenidas Novas
2022Q3,2022-09-30,1106,110658,Belém
2022Q3,2022-09-30,1106,110659,Campo de Ourique
2022Q3,2022-09-30,1106,110660,Estrela
2022Q3,2022-09-30,1106,110661,Misericórdia
2022Q3,2022-09-30,1106,110662,Parque das Nações
2022Q3,2022-09-30,1106,110663,Penha de França
2022Q3,2022-09-30,1106,110664,Santa Clara
2022Q3,2022-09-30,1106,110665,Santa Maria Maior
2022Q3,2022-09-30,1106,110666,Santo António
2022Q3,2022-09-30,1106,110667,São Vicente
2022Q4,2022-12-31,1106,110601,Ajuda
2022Q4,2022-12-31,1106,110602,Alcântara
2022Q4,2022-12-31,1106,110607,Beato
2022Q4,2022-12-31,1106,110608,Benfica
2022Q4,2022-12-31,1106,110610,Campolide
2022Q4,2022-12-31,1106,110611,Carnide
2022Q4,2022-12-31,1106,110618,Lumiar
2022Q4,2022-12-31,1106,110621,Marvila
2022Q4,2022-12-31,1106,110633,Olivais
2022Q4,2022-12-31,1106,110639,São Domingos de Benfica
2022Q4,2022-12-31,1106,110654,Alvalade
2022Q4,2022-12-31,1106,110655,Areeiro
2022Q4,2022-12-31,1106,110656,Arroios
2022Q4,2022-12-31,1106,110657,Avenidas Novas
2022Q4,2022-12-31,1106,110658,Belém
2022Q4,2022-12-31,1106,110659,Campo de Ourique
2022Q4,2022-12-31,1106,110660,Estrela
2022Q4,2022-12-31,1106,110661,Misericórdia
2022Q4,2022-12-31,1106,110662,Parque das Nações
2022Q4,2022-12-31,1106,110663,Penha de França
2022Q4,2022-12-31,1106,110664,Santa Clara
2022Q4,2022-12-31,1106,110665,Santa Maria Maior
2022Q4,2022-12-31,1106,110666,Santo António
2022Q4,2022-12-31,1106,110667,São Vicente
2023Q1,2023-03-31,1106,110601,Ajuda
2023Q1,2023-03-31,1106,110602,Alcântara
2023Q1,2023-03-31,1106,110607,Beato
2023Q1,2023-03-31,1106,110608,Benfica
2023Q1,2023-03-31,1106,110610,Campolide
2023Q1,2023-03-31,1106,110611,Carnide
2023Q1,2023-03-31,1106,110618,Lumiar
2023Q1,2023-03-31,1106,110621,Marvila
2023Q1,2023-03-31,1106,110633,Olivais
2023Q1,2023-03-31,1106,110639,São Domingos de Benfica
2023Q1,2023-03-31,1106,110654,Alvalade
2023Q1,2023-03-31,1106,110655,Areeiro
2023Q1,2023-03-31,1106,110656,Arroios
2023Q1,2023-03-31,1106,110657,Avenidas Novas
2023Q1,2023-03-31,1106,110658,Belém
2023Q1,2023-03-31,1106,110659,Campo de Ourique
2023Q1,2023-03-31,1106,110660,Estrela
2023Q1,2023-03-31,1106,110661,Misericórdia
2023Q1,2023-03-31,1106,110662,Parque das Nações
2023Q1,2023-03-31,1106,110663,Penha de França
2023Q1,2023-03-31,1106,110664,Santa Clara
2023Q1,2023-03-31,1106,110665,Santa Maria Maior
2023Q1,2023-03-31,1106,110666,Santo António
2023Q1,2023-03-31,1106,110667,São Vicente
2023Q2,2023-06-30,1106,110601,Ajuda
2023Q2,2023-06-30,1106,110602,Alcântara
2023Q2,2023-06-30,1106,110607,Beato
2023Q2,2023-06-30,1106,110608,Benfica
2023Q2,2023-06-30,1106,110610,Campolide
2023Q2,2023-06-30,1106,110611,Carnide
2023Q2,2023-06-30,1106,110618,Lumiar
2023Q2,2023-06-30,1106,110621,Marvila
2023Q2,2023-06-30,1106,110633,Olivais
2023Q2,2023-06-30,1106,110639,São Domingos de Benfica
2023Q2,2023-06-30,1106,110654,Alvalade
2023Q2,2023-06-30,1106,110655,Areeiro
2023Q2,2023-06-30,1106,110656,Arroios
2023Q2,2023-06-30,1106,110657,Avenidas Novas
2023Q2,2023-06-30,1106,110658,Belém
2023Q2,2023-06-30,1106,110659,Campo de Ourique
2023Q2,2023-06-30,1106,110660,Estrela
2023Q2,2023-06-30,1106,110661,Misericórdia
2023Q2,2023-06-30,1106,110662,Parque das Nações
2023Q2,2023-06-30,1106,110663,Penha de França
2023Q2,2023-06-30,1106,110664,Santa Clara
2023Q2,2023-06-30,1106,110665,Santa Maria Maior
2023Q2,2023-06-30,1106,110666,Santo António
2023Q2,2023-06-30,1106,110667,São Vicente
2023Q3,2023-09-30,1106,110601,Ajuda
2023Q3,2023-09-30,1106,110602,Alcântara
2023Q3,2023-09-30,1106,110607,Beato
2023Q3,2023-09-30,1106,110608,Benfica
2023Q3,2023-09-30,1106,110610,Campolide
2023Q3,2023-09-30,1106,110611,Carnide
2023Q3,2023-09-30,1106,110618,Lumiar
2023Q3,2023-09-30,1106,110621,Marvila
2023Q3,2023-09-30,1106,110633,Olivais
2023Q3,2023-09-30,1106,110639,São Domingos de Benfica
2023Q3,2023-09-30,1106,110654,Alvalade
2023Q3,2023-09-30,1106,110655,Areeiro
2023Q3,2023-09-30,1106,110656,Arroios
2023Q3,2023-09-30,1106,110657,Avenidas Novas
2023Q3,2023-09-30,1106,110658,Belém
2023Q3,2023-09-30,1106,110659,Campo de Ourique
2023Q3,2023-09-30,1106,110660,Estrela
2023Q3,2023-09-30,1106,110661,Misericórdia
2023Q3,2023-09-30,1106,110662,Parque das Nações
2023Q3,2023-09-30,1106,110663,Penha de França
2023Q3,2023-09-30,1106,110664,Santa Clara
2023Q3,2023-09-30,1106,110665,Santa Maria Maior
2023Q3,2023-09-30,1106,110666,Santo António
2023Q3,2023-09-30,1106,110667,São Vicente
2023Q4,2023-12-31,1106,110601,Ajuda
2023Q4,2023-12-31,1106,110602,Alcântara
2023Q4,2023-12-31,1106,110607,Beato
2023Q4,2023-12-31,1106,110608,Benfica
2023Q4,2023-12-31,1106,110610,Campolide
2023Q4,2023-12-31,1106,110611,Carnide
2023Q4,2023-12-31,1106,110618,Lumiar
2023Q4,2023-12-31,1106,110621,Marvila
2023Q4,2023-12-31,1106,110633,Olivais
2023Q4,2023-12-31,1106,110639,São Domingos de Benfica
2023Q4,2023-12-31,1106,110654,Alvalade
2023Q4,2023-12-31,1106,110655,Areeiro
2023Q4,2023-12-31,1106,110656,Arroios
2023Q4,2023-12-31,1106,110657,Avenidas Novas
2023Q4,2023-12-31,1106,110658,Belém
2023Q4,2023-12-31,1106,110659,Campo de Ourique
2023Q4,2023-12-31,1106,110660,Estrela
2023Q4,2023-12-31,1106,110661,Misericórdia
2023Q4,2023-12-31,1106,110662,Parque das Nações
2023Q4,2023-12-31,1106,110663,Penha de França
2023Q4,2023-12-31,1106,110664,Santa Clara
2023Q4,2023-12-31,1106,110665,Santa Maria Maior
2023Q4,2023-12-31,1106,110666,Santo António
2023Q4,2023-12-31,1106,110667,São Vicente
2024Q1,2024-03-31,1106,110601,Ajuda
2024Q1,2024-03-31,1106,110602,Alcântara
2024Q1,2024-03-31,1106,110607,Beato
2024Q1,2024-03-31,1106,110608,Benfica
2024Q1,2024-03-31,1106,110610,Campolide
2024Q1,2024-03-31,1106,110611,Carnide
2024Q1,2024-03-31,1106,110618,Lumiar
2024Q1,2024-03-31,1106,110621,Marvila
2024Q1,2024-03-31,1106,110633,Olivais
2024Q1,2024-03-31,1106,110639,São Domingos de Benfica
2024Q1,2024-03-31,1106,110654,Alvalade
2024Q1,2024-03-31,1106,110655,Areeiro
2024Q1,2024-03-31,1106,110656,Arroios
2024Q1,2024-03-31,1106,110657,Avenidas Novas
2024Q1,2024-03-31,1106,110658,Belém
2024Q1,2024-03-31,1106,110659,Campo de Ourique
2024Q1,2024-03-31,1106,110660,Estrela
2024Q1,2024-03-31,1106,110661,Misericórdia
2024Q1,2024-03-31,1106,110662,Parque das Nações
2024Q1,2024-03-31,1106,110663,Penha de França
2024Q1,2024-03-31,1106,110664,Santa Clara
2024Q1,2024-03-31,1106,110665,Santa Maria Maior
2024Q1,2024-03-31,1106,110666,Santo António
2024Q1,2024-03-31,1106,110667,São Vicente
2024Q2,2024-06-30,1106,110601,Ajuda
2024Q2,2024-06-30,1106,110602,Alcântara
2024Q2,2024-06-30,1106,110607,Beato
2024Q2,2024-06-30,1106,110608,Benfica
2024Q2,2024-06-30,1106,110610,Campolide
2024Q2,2024-06-30,1106,110611,Carnide
2024Q2,2024-06-30,1106,110618,Lumiar
2024Q2,2024-06-30,1106,110621,Marvila
2024Q2,2024-06-30,1106,110633,Olivais
2024Q2,2024-06-30,1106,110639,São Domingos de Benfica
2024Q2,2024-06-30,1106,110654,Alvalade
2024Q2,2024-06-30,1106,110655,Areeiro
2024Q2,2024-06-30,1106,110656,Arroios
2024Q2,2024-06-30,1106,110657,Avenidas Novas
2024Q2,2024-06-30,1106,110658,Belém
2024Q2,2024-06-30,1106,110659,Campo de Ourique
2024Q2,2024-06-30,1106,110660,Estrela
2024Q2,2024-06-30,1106,110661,Misericórdia
2024Q2,2024-06-30,1106,110662,Parque das Nações
2024Q2,2024-06-30,1106,110663,Penha de França
2024Q2,2024-06-30,1106,110664,Santa Clara
2024Q2,2024-06-30,1106,110665,Santa Maria Maior
2024Q2,2024-06-30,1106,110666,Santo António
2024Q2,2024-06-30,1106,110667,São Vicente
2024Q3,2024-09-30,1106,110601,Ajuda
2024Q3,2024-09-30,1106,110602,Alcântara
2024Q3,2024-09-30,1106,110607,Beato
2024Q3,2024-09-30,1106,110608,Benfica
2024Q3,2024-09-30,1106,110610,Campolide
2024Q3,2024-09-30,1106,110611,Carnide
2024Q3,2024-09-30,1106,110618,Lumiar
2024Q3,2024-09-30,1106,110621,Marvila
2024Q3,2024-09-30,1106,110633,Olivais
2024Q3,2024-09-30,1106,110639,São Domingos de Benfica
2024Q3,2024-09-30,1106,110654,Alvalade
2024Q3,2024-09-30,1106,110655,Areeiro
2024Q3,2024-09-30,1106,110656,Arroios
2024Q3,2024-09-30,1106,110657,Avenidas Novas
2024Q3,2024-09-30,1106,110658,Belém
2024Q3,2024-09-30,1106,110659,Campo de Ourique
2024Q3,2024-09-30,1106,110660,Estrela
2024Q3,2024-09-30,1106,110661,Misericórdia
2024Q3,2024-09-30,1106,110662,Parque das Nações
2024Q3,2024-09-30,1106,110663,Penha de França
2024Q3,2024-09-30,1106,110664,Santa Clara
2024Q3,2024-09-30,1106,110665,Santa Maria Maior
2024Q3,2024-09-30,1106,110666,Santo António
2024Q3,2024-09-30,1106,110667,São Vicente
2024Q4,2024-12-31,1106,110601,Ajuda
2024Q4,2024-12-31,1106,110602,Alcântara
2024Q4,2024-12-31,1106,110607,Beato
2024Q4,2024-12-31,1106,110608,Benfica
2024Q4,2024-12-31,1106,110610,Campolide
2024Q4,2024-12-31,1106,110611,Carnide
2024Q4,2024-12-31,1106,110618,Lumiar
2024Q4,2024-12-31,1106,110621,Marvila
2024Q4,2024-12-31,1106,110633,Olivais
2024Q4,2024-12-31,1106,110639,São Domingos de Benfica
2024Q4,2024-12-31,1106,110654,Alvalade
2024Q4,2024-12-31,1106,110655,Areeiro
2024Q4,2024-12-31,1106,110656,Arroios
2024Q4,2024-12-31,1106,110657,Avenidas Novas
2024Q4,2024-12-31,1106,110658,Belém
2024Q4,2024-12-31,1106,110659,Campo de Ourique
2024Q4,2024-12-31,1106,110660,Estrela
2024Q4,2024-12-31,1106,110661,Misericórdia
2024Q4,2024-12-31,1106,110662,Parque das Nações
2024Q4,2024-12-31,1106,110663,Penha de França
2024Q4,2024-12-31,1106,110664,Santa Clara
2024Q4,2024-12-31,1106,110665,Santa Maria Maior
2024Q4,2024-12-31,1106,110666,Santo António
2024Q4,2024-12-31,1106,110667,São Vicente
2025Q1,2025-03-31,1106,110601,Ajuda
2025Q1,2025-03-31,1106,110602,Alcântara
2025Q1,2025-03-31,1106,110607,Beato
2025Q1,2025-03-31,1106,110608,Benfica
2025Q1,2025-03-31,1106,110610,Campolide
2025Q1,2025-03-31,1106,110611,Carnide
2025Q1,2025-03-31,1106,110618,Lumiar
2025Q1,2025-03-31,1106,110621,Marvila
2025Q1,2025-03-31,1106,110633,Olivais
2025Q1,2025-03-31,1106,110639,São Domingos de Benfica
2025Q1,2025-03-31,1106,110654,Alvalade
2025Q1,2025-03-31,1106,110655,Areeiro
2025Q1,2025-03-31,1106,110656,Arroios
2025Q1,2025-03-31,1106,110657,Avenidas Novas
2025Q1,2025-03-31,1106,110658,Belém
2025Q1,2025-03-31,1106,110659,Campo de Ourique
2025Q1,2025-03-31,1106,110660,Estrela
2025Q1,2025-03-31,1106,110661,Misericórdia
2025Q1,2025-03-31,1106,110662,Parque das Nações
2025Q1,2025-03-31,1106,110663,Penha de França
2025Q1,2025-03-31,1106,110664,Santa Clara
2025Q1,2025-03-31,1106,110665,Santa Maria Maior
2025Q1,2025-03-31,1106,110666,Santo António
2025Q1,2025-03-31,1106,110667,São Vicente
2025Q2,2025-06-30,1106,110601,Ajuda
2025Q2,2025-06-30,1106,110602,Alcântara
2025Q2,2025-06-30,1106,110607,Beato
2025Q2,2025-06-30,1106,110608,Benfica
2025Q2,2025-06-30,1106,110610,Campolide
2025Q2,2025-06-30,1106,110611,Carnide
2025Q2,2025-06-30,1106,110618,Lumiar
2025Q2,2025-06-30,1106,110621,Marvila
2025Q2,2025-06-30,1106,110633,Olivais
2025Q2,2025-06-30,1106,110639,São Domingos de Benfica
2025Q2,2025-06-30,1106,110654,Alvalade
2025Q2,2025-06-30,1106,110655,Areeiro
2025Q2,2025-06-30,1106,110656,Arroios
2025Q2,2025-06-30,1106,110657,Avenidas Novas
2025Q2,2025-06-30,1106,110658,Belém
2025Q2,2025-06-30,1106,110659,Campo de Ourique
2025Q2,2025-06-30,1106,110660,Estrela
2025Q2,2025-06-30,1106,110661,Misericórdia
2025Q2,2025-06-30,1106,110662,Parque das Nações
2025Q2,2025-06-30,1106,110663,Penha de França
2025Q2,2025-06-30,1106,110664,Santa Clara
2025Q2,2025-06-30,1106,110665,Santa Maria Maior
2025Q2,2025-06-30,1106,110666,Santo António
2025Q2,2025-06-30,1106,110667,São Vicente
2025Q3,2025-09-30,1106,110601,Ajuda
2025Q3,2025-09-30,1106,110602,Alcântara
2025Q3,2025-09-30,1106,110607,Beato
2025Q3,2025-09-30,1106,110608,Benfica
2025Q3,2025-09-30,1106,110610,Campolide
2025Q3,2025-09-30,1106,110611,Carnide
2025Q3,2025-09-30,1106,110618,Lumiar
2025Q3,2025-09-30,1106,110621,Marvila
2025Q3,2025-09-30,1106,110633,Olivais
2025Q3,2025-09-30,1106,110639,São Domingos de Benfica
2025Q3,2025-09-30,1106,110654,Alvalade
2025Q3,2025-09-30,1106,110655,Areeiro
2025Q3,2025-09-30,1106,110656,Arroios
2025Q3,2025-09-30,1106,110657,Avenidas Novas
2025Q3,2025-09-30,1106,110658,Belém
2025Q3,2025-09-30,1106,110659,Campo de Ourique
2025Q3,2025-09-30,1106,110660,Estrela
2025Q3,2025-09-30,1106,110661,Misericórdia
2025Q3,2025-09-30,1106,110662,Parque das Nações
2025Q3,2025-09-30,1106,110663,Penha de França
2025Q3,2025-09-30,1106,110664,Santa Clara
2025Q3,2025-09-30,1106,110665,Santa Maria Maior
2025Q3,2025-09-30,1106,110666,Santo António
2025Q3,2025-09-30,1106,110667,São Vicente
2025Q4,2025-12-31,1106,110601,Ajuda
2025Q4,2025-12-31,1106,110602,Alcântara
2025Q4,2025-12-31,1106,110607,Beato
2025Q4,2025-12-31,1106,110608,Benfica
2025Q4,2025-12-31,1106,110610,Campolide
2025Q4,2025-12-31,1106,110611,Carnide
2025Q4,2025-12-31,1106,110618,Lumiar
2025Q4,2025-12-31,1106,110621,Marvila
2025Q4,2025-12-31,1106,110633,Olivais
2025Q4,2025-12-31,1106,110639,São Domingos de Benfica
2025Q4,2025-12-31,1106,110654,Alvalade
2025Q4,2025-12-31,1106,110655,Areeiro
2025Q4,2025-12-31,1106,110656,Arroios
2025Q4,2025-12-31,1106,110657,Avenidas Novas
2025Q4,2025-12-31,1106,110658,Belém
2025Q4,2025-12-31,1106,110659,Campo de Ourique
2025Q4,2025-12-31,1106,110660,Estrela
2025Q4,2025-12-31,1106,110661,Misericórdia
2025Q4,2025-12-31,1106,110662,Parque das Nações
2025Q4,2025-12-31,1106,110663,Penha de França
2025Q4,2025-12-31,1106,110664,Santa Clara
2025Q4,2025-12-31,1106,110665,Santa Maria Maior
2025Q4,2025-12-31,1106,110666,Santo António
2025Q4,2025-12-31,1106,110667,São Vicente
