freguesia_id,freguesia_name,census_year,population_resident,classic_buildings,pre1945_buildings,repair_needed_buildings,total_dwellings,family_dwellings,usual_residence_dwellings,vacant_or_secondary_dwellings,owner_occupied_dwellings,rented_dwellings,private_households,age_0_14,age_15_24,age_25_64,age_65_plus,age_0_14_pct,age_15_24_pct,age_25_64_pct,age_65_plus_pct,owner_occupied_share_pct,rented_share_pct,vacant_or_secondary_family_share_pct,pre1945_building_share_pct,repair_needed_building_share_pct,dwellings_per_classic_building
110601,Ajuda,2021,14306,2716,1018,1006,8828,8822,6549,2262,2957,3219,6560,1796,1268,7323,3919,12.55417307423458688662099818,8.863413952187893191667831679,51.18831259611351880329931497,27.39410037746400111841185517,45.15193159260955871125362651,49.15254237288135593220338983,25.64044434368623894808433462,37.48159057437407952871870398,37.03976435935198821796759941,3.250368188512518409425625920
110602,Alcântara,2021,13850,1493,729,730,8868,8863,6668,2190,2750,3487,6673,1774,1235,7500,3341,12.80866425992779783393501805,8.916967509025270758122743682,54.15162454873646209386281588,24.12274368231046931407942238,41.24175164967006598680263947,52.29454109178164367126574685,24.70946632065891910188423784,48.82786336235766912257200268,48.89484259879437374413931681,5.939718687206965840589417281
110607,Beato,2021,12183,1730,628,794,7525,7520,5713,1806,2258,2987,5717,1351,1148,6542,3142,11.08922268735122711975703850,9.422966428630058277928260691,53.69777558893540178937864237,25.79003529508331281293605844,39.52389287589707684228951514,52.28426395939086294416243655,24.01595744680851063829787234,36.30057803468208092485549133,45.89595375722543352601156069,4.349710982658959537572254335
110608,Benfica,2021,35362,2493,91,973,20892,20882,16488,4392,9441,5877,16498,4101,3193,17593,10475,11.59719472880493184774616820,9.029466659125615067021096092,49.75114529721169617103105028,29.62219331485775691420168543,57.25982532751091703056768559,35.64410480349344978165938865,21.03246815439134182549564218,3.650220617729643000401123145,39.02928198957079823505816286,8.380264741275571600481347774
110610,Campolide,2021,14787,2255,787,1161,9123,9103,6636,2467,3000,3141,6642,1702,1413,8077,3595,11.51011023196050584973287347,9.555690809494826536822884967,54.62230337458578481098261987,24.31189558395888280246162169,45.20795660036166365280289331,47.33273056057866184448462929,27.10095572888058881687355817,34.90022172949002217294900222,51.48558758314855875831485588,4.045676274944567627494456763
110611,Carnide,2021,18028,1383,174,856,9022,9009,7430,1579,4300,2601,7430,2462,2008,9289,4269,13.65653428000887508320390504,11.13822942090082094519636122,51.52540492567117816729531839,23.67983137341912580430441535,57.87348586810228802153432032,35.00672947510094212651413190,17.52691752691752691752691753,12.58134490238611713665943601,61.89443239334779464931308749,6.523499638467100506146059291
110618,Lumiar,2021,46334,1900,123,453,24100,24076,19547,4526,13204,4864,19553,6790,5154,24701,9689,14.65446540337549100012949454,11.12358095566970259420727759,53.31074373030603876203220098,20.91120991064876764363102689,67.55000767381183813372896097,24.88361385378830511075868420,18.79880378800465193553746470,6.473684210526315789473684211,23.84210526315789473684210526,12.68421052631578947368421053
110621,Marvila,2021,35479,1490,292,725,16810,16796,14104,2669,6351,7052,14132,4698,3751,18489,8541,13.24163589729135544970264100,10.57245130922517545590349221,52.11251726373347614081569379,24.07339552974999295357817300,45.02977878615995462280204197,50,15.89068825910931174089068826,19.59731543624161073825503356,48.65771812080536912751677852,11.28187919463087248322147651
110633,Olivais,2021,32179,2741,203,731,16956,16942,13986,2956,9788,3193,13986,3865,3266,16494,8554,12.01093881102582429534789770,10.14947636657447403586189751,51.25703098293918393983653936,26.58255383946051772895366543,69.98426998426998426998426998,22.82997282997282997282997283,17.44776295596741825050171172,7.406056183874498358263407516,26.66909886902590295512586647,6.186063480481576067128785115
110639,São Domingos de Benfica,2021,34076,1726,257,453,20331,20309,15852,4457,9690,4824,15866,4057,3463,17560,8996,11.90574011034158938842587158,10.16257776734358492780842822,51.53186993778612513205775326,26.39981218452870055170794694,61.12793338380015140045420136,30.43149129447388342165026495,21.94593529962085774779654340,14.88991888760139049826187717,26.24565469293163383545770568,11.77925840092699884125144844
110654,Alvalade,2021,33309,2489,121,896,18924,18873,14765,4106,7633,5791,14780,4639,3329,17104,8237,13.92716683178720465940136299,9.994295835960250983217748957,51.34948512414062265453781260,24.72905220811192170284307545,51.69657974940738232306129360,39.22113105316627158821537420,21.75594765008212790759285752,4.861390116512655685014061872,35.99839292888710325431900362,7.603053435114503816793893130
110655,Areeiro,2021,21160,1377,488,411,12546,12530,9452,3077,4703,3788,9458,2779,2217,11102,5062,13.13327032136105860113421550,10.47731568998109640831758034,52.46691871455576559546313800,23.92249527410207939508506616,49.75666525603046974185357596,40.07617435463393990689801100,24.55706304868316041500399042,35.43936092955700798838053740,29.84749455337690631808278867,9.111111111111111111111111111
110656,Arroios,2021,33302,2953,1686,980,20906,20858,15025,5823,6130,7674,15054,3456,3135,20036,6675,10.37775508978439733349348387,9.413849018076992372830460633,60.16455468140051648549636658,20.04384121073809380817968891,40.79866888519134775374376040,51.07487520798668885191347754,27.91734586249880141911976220,57.09448018963765662038604809,33.18658990856755841517101253,7.079580088046054859464950897
110657,Avenidas Novas,2021,23261,1759,477,687,14812,14779,10432,4345,5008,4488,10445,3047,2480,12276,5458,13.09917888310906667813077684,10.66162245819182322342117708,52.77503116804952495593482653,23.46416749064958514251321955,48.00613496932515337423312883,43.02147239263803680981595092,29.39982407470058867311726098,27.11768050028425241614553724,39.05628197839681637293916998,8.420693575895395110858442297
110658,Belém,2021,16546,2885,638,673,9389,9375,7154,2220,4282,2294,7155,2468,1729,7958,4391,14.91599178049075305209718361,10.44965550586244409524960716,48.09621660824368427414480841,26.53813610540311857850840082,59.85462678221973720995247414,32.06597707576181157394464635,23.68,22.11438474870017331022530329,23.32755632582322357019064125,3.254419410745233968804159445
110659,Campo de Ourique,2021,22140,2461,1226,1208,13638,13624,10370,3254,4145,5480,10371,3156,2055,11499,5430,14.25474254742547425474254743,9.281842818428184281842818428,51.93766937669376693766937669,24.52574525745257452574525745,39.97107039537126325940212150,52.84474445515911282545805207,23.88432178508514386376981797,49.81714750101584721657862657,49.08573750507923608289313287,5.541649735879723689557090614
110660,Estrela,2021,20267,2781,1637,1331,12677,12665,8921,3736,3688,4558,9237,3013,2107,10956,4191,14.86653180046380816104998273,10.39621058864163418364829526,54.05832140918734889228795579,20.67893620170720876301376622,41.34065687703172290102006502,51.09292680192803497365766170,29.49861823924200552704303198,58.86371808701905789284430061,47.86048184106436533620999640,4.558432218626393383674937073
110661,Misericórdia,2021,9658,2007,1649,711,8665,8657,4864,3793,1631,2926,4866,953,864,5608,2233,9.867467384551667011803686063,8.945951542762476703251190723,58.06585214330089045351004349,23.12072892938496583143507973,33.53207236842105263157894737,60.15625,43.81425436063301374610142082,82.16243148978574987543597409,35.42600896860986547085201794,4.317389138016940707523667165
110662,Parque das Nações,2021,22382,777,69,129,11325,11321,9023,2298,5703,2847,9023,3961,2701,12321,3399,17.69725672415333750335090698,12.06773299973192744169421857,55.04869984809221696005718881,15.18631042802251809489768564,63.20514241383131996010196165,31.55269865898260002216557686,20.29856019786237964844095045,8.880308880308880308880308880,16.60231660231660231660231660,14.57528957528957528957528958
110663,Penha de França,2021,28475,2425,1115,917,17710,17695,13241,4450,5732,6560,13248,3076,2593,16222,6584,10.80245829675153643546971027,9.106233538191395961369622476,56.96927129060579455662862160,23.12203687445127304653204565,43.28978173853938524280643456,49.54308586964730760516577298,25.14834699067533201469341622,45.97938144329896907216494845,37.81443298969072164948453608,7.303092783505154639175257732
110664,Santa Clara,2021,23645,1675,163,767,10931,10926,9188,1712,3839,4795,9214,4462,2882,12430,3871,18.87079720871220131105942060,12.18862338760837386339606682,52.56925354197504757876929583,16.37132586170437724677521675,41.78276012189812799303439269,52.18763604701784936874183718,15.66904631155043016657514186,9.731343283582089552238805970,45.79104477611940298507462687,6.525970149253731343283582090
110665,Santa Maria Maior,2021,10051,1978,1598,884,7718,7692,4545,3147,1101,3134,4564,875,853,6296,2027,8.705601432693264351805790469,8.486717739528405133817530594,62.64053328027061983882200776,20.16714754750771067555467118,24.22442244224422442244224422,68.95489548954895489548954895,40.91263650546021840873634945,80.78867542972699696663296259,44.69160768452982810920121335,3.901921132457027300303336704
110666,Santo António,2021,11060,1471,861,534,8271,8252,5163,3089,2123,2610,5170,1306,1063,6312,2379,11.80831826401446654611211573,9.611211573236889692585895118,57.07052441229656419529837251,21.50994575045207956600361664,41.11950416424559364710439667,50.55200464846019755955839628,37.43334949103247697527872031,58.53161114887831407205982325,36.30183548606390210740992522,5.622705642420122365737593474
110667,São Vicente,2021,13956,2258,1497,1130,10176,10170,6928,3242,2412,4121,6929,1433,1162,8051,3310,10.26798509601605044425336773,8.326167956434508455144740613,57.68844941243909429635998854,23.71739753511034680424190312,34.81524249422632794457274827,59.48325635103926096997690531,31.87807276302851524090462144,66.29760850310008857395925598,50.04428697962798937112488928,4.506643046944198405668733392
