period_code,freguesia_id,freguesia_name,indicator_code,source_geography_code,source_geography_name,category_code,category_name,value_eur_m2
4.º Trimestre de 2019,110601,Ajuda,0012234,1A0110601,Ajuda,H1,Total,3323
4.º Trimestre de 2019,110602,Alcântara,0012234,1A0110602,Alcântara,H1,Total,3107
4.º Trimestre de 2019,110607,Beato,0012234,1A0110607,Beato,H1,Total,2325
4.º Trimestre de 2019,110608,Benfica,0012234,1A0110608,Benfica,H1,Total,2713
4.º Trimestre de 2019,110610,Campolide,0012234,1A0110610,Campolide,H1,Total,3079
4.º Trimestre de 2019,110611,Carnide,0012234,1A0110611,Carnide,H1,Total,2911
4.º Trimestre de 2019,110618,Lumiar,0012234,1A0110618,Lumiar,H1,Total,2744
4.º Trimestre de 2019,110621,Marvila,0012234,1A0110621,Marvila,H1,Total,2797
4.º Trimestre de 2019,110633,Olivais,0012234,1A0110633,Olivais,H1,Total,2480
4.º Trimestre de 2019,110639,São Domingos de Benfica,0012234,1A0110639,São Domingos de Benfica,H1,Total,3321
4.º Trimestre de 2019,110654,Alvalade,0012234,1A0110654,Alvalade,H1,Total,3571
4.º Trimestre de 2019,110655,Areeiro,0012234,1A0110655,Areeiro,H1,Total,3214
4.º Trimestre de 2019,110656,Arroios,0012234,1A0110656,Arroios,H1,Total,3272
4.º Trimestre de 2019,110657,Avenidas Novas,0012234,1A0110657,Avenidas Novas,H1,Total,4038
4.º Trimestre de 2019,110658,Belém,0012234,1A0110658,Belém,H1,Total,3571
4.º Trimestre de 2019,110659,Campo de Ourique,0012234,1A0110659,Campo de Ourique,H1,Total,3805
4.º Trimestre de 2019,110660,Estrela,0012234,1A0110660,Estrela,H1,Total,3895
4.º Trimestre de 2019,110661,Misericórdia,0012234,1A0110661,Misericórdia,H1,Total,4933
4.º Trimestre de 2019,110662,Parque das Nações,0012234,1A0110662,Parque das Nações,H1,Total,4152
4.º Trimestre de 2019,110663,Penha de França,0012234,1A0110663,Penha de França,H1,Total,2893
4.º Trimestre de 2019,110664,Santa Clara,0012234,1A0110664,Santa Clara,H1,Total,2435
4.º Trimestre de 2019,110665,Santa Maria Maior,0012234,1A0110665,Santa Maria Maior,H1,Total,4755
4.º Trimestre de 2019,110666,Santo António,0012234,1A0110666,Santo António,H1,Total,5140
4.º Trimestre de 2019,110667,São Vicente,0012234,1A0110667,São Vicente,H1,Total,3447
1.º Trimestre de 2020,110601,Ajuda,0012234,1A0110601,Ajuda,H1,Total,3302
1.º Trimestre de 2020,110602,Alcântara,0012234,1A0110602,Alcântara,H1,Total,3200
1.º Trimestre de 2020,110607,Beato,0012234,1A0110607,Beato,H1,Total,2389
1.º Trimestre de 2020,110608,Benfica,0012234,1A0110608,Benfica,H1,Total,2738
1.º Trimestre de 2020,110610,Campolide,0012234,1A0110610,Campolide,H1,Total,3210
1.º Trimestre de 2020,110611,Carnide,0012234,1A0110611,Carnide,H1,Total,3055
1.º Trimestre de 2020,110618,Lumiar,0012234,1A0110618,Lumiar,H1,Total,2988
1.º Trimestre de 2020,110621,Marvila,0012234,1A0110621,Marvila,H1,Total,2839
1.º Trimestre de 2020,110633,Olivais,0012234,1A0110633,Olivais,H1,Total,2501
1.º Trimestre de 2020,110639,São Domingos de Benfica,0012234,1A0110639,São Domingos de Benfica,H1,Total,3383
1.º Trimestre de 2020,110654,Alvalade,0012234,1A0110654,Alvalade,H1,Total,3602
1.º Trimestre de 2020,110655,Areeiro,0012234,1A0110655,Areeiro,H1,Total,3320
1.º Trimestre de 2020,110656,Arroios,0012234,1A0110656,Arroios,H1,Total,3307
1.º Trimestre de 2020,110657,Avenidas Novas,0012234,1A0110657,Avenidas Novas,H1,Total,4000
1.º Trimestre de 2020,110658,Belém,0012234,1A0110658,Belém,H1,Total,3650
1.º Trimestre de 2020,110659,Campo de Ourique,0012234,1A0110659,Campo de Ourique,H1,Total,3843
1.º Trimestre de 2020,110660,Estrela,0012234,1A0110660,Estrela,H1,Total,4005
1.º Trimestre de 2020,110661,Misericórdia,0012234,1A0110661,Misericórdia,H1,Total,5225
1.º Trimestre de 2020,110662,Parque das Nações,0012234,1A0110662,Parque das Nações,H1,Total,4207
1.º Trimestre de 2020,110663,Penha de França,0012234,1A0110663,Penha de França,H1,Total,2982
1.º Trimestre de 2020,110664,Santa Clara,0012234,1A0110664,Santa Clara,H1,Total,2477
1.º Trimestre de 2020,110665,Santa Maria Maior,0012234,1A0110665,Santa Maria Maior,H1,Total,4912
1.º Trimestre de 2020,110666,Santo António,0012234,1A0110666,Santo António,H1,Total,5417
1.º Trimestre de 2020,110667,São Vicente,0012234,1A0110667,São Vicente,H1,Total,3405
2.º Trimestre de 2020,110601,Ajuda,0012234,1A0110601,Ajuda,H1,Total,3274
2.º Trimestre de 2020,110602,Alcântara,0012234,1A0110602,Alcântara,H1,Total,3264
2.º Trimestre de 2020,110607,Beato,0012234,1A0110607,Beato,H1,Total,2339
2.º Trimestre de 2020,110608,Benfica,0012234,1A0110608,Benfica,H1,Total,2754
2.º Trimestre de 2020,110610,Campolide,0012234,1A0110610,Campolide,H1,Total,3176
2.º Trimestre de 2020,110611,Carnide,0012234,1A0110611,Carnide,H1,Total,3068
2.º Trimestre de 2020,110618,Lumiar,0012234,1A0110618,Lumiar,H1,Total,3046
2.º Trimestre de 2020,110621,Marvila,0012234,1A0110621,Marvila,H1,Total,2839
2.º Trimestre de 2020,110633,Olivais,0012234,1A0110633,Olivais,H1,Total,2529
2.º Trimestre de 2020,110639,São Domingos de Benfica,0012234,1A0110639,São Domingos de Benfica,H1,Total,3413
2.º Trimestre de 2020,110654,Alvalade,0012234,1A0110654,Alvalade,H1,Total,3612
2.º Trimestre de 2020,110655,Areeiro,0012234,1A0110655,Areeiro,H1,Total,3360
2.º Trimestre de 2020,110656,Arroios,0012234,1A0110656,Arroios,H1,Total,3378
2.º Trimestre de 2020,110657,Avenidas Novas,0012234,1A0110657,Avenidas Novas,H1,Total,3963
2.º Trimestre de 2020,110658,Belém,0012234,1A0110658,Belém,H1,Total,3568
2.º Trimestre de 2020,110659,Campo de Ourique,0012234,1A0110659,Campo de Ourique,H1,Total,3810
2.º Trimestre de 2020,110660,Estrela,0012234,1A0110660,Estrela,H1,Total,4112
2.º Trimestre de 2020,110661,Misericórdia,0012234,1A0110661,Misericórdia,H1,Total,5097
2.º Trimestre de 2020,110662,Parque das Nações,0012234,1A0110662,Parque das Nações,H1,Total,4274
2.º Trimestre de 2020,110663,Penha de França,0012234,1A0110663,Penha de França,H1,Total,3036
2.º Trimestre de 2020,110664,Santa Clara,0012234,1A0110664,Santa Clara,H1,Total,2411
2.º Trimestre de 2020,110665,Santa Maria Maior,0012234,1A0110665,Santa Maria Maior,H1,Total,5265
2.º Trimestre de 2020,110666,Santo António,0012234,1A0110666,Santo António,H1,Total,5521
2.º Trimestre de 2020,110667,São Vicente,0012234,1A0110667,São Vicente,H1,Total,3399
3.º Trimestre de 2020,110601,Ajuda,0012234,1A0110601,Ajuda,H1,Total,3188
3.º Trimestre de 2020,110602,Alcântara,0012234,1A0110602,Alcântara,H1,Total,3274
3.º Trimestre de 2020,110607,Beato,0012234,1A0110607,Beato,H1,Total,2295
3.º Trimestre de 2020,110608,Benfica,0012234,1A0110608,Benfica,H1,Total,2774
3.º Trimestre de 2020,110610,Campolide,0012234,1A0110610,Campolide,H1,Total,3269
3.º Trimestre de 2020,110611,Carnide,0012234,1A0110611,Carnide,H1,Total,3117
3.º Trimestre de 2020,110618,Lumiar,0012234,1A0110618,Lumiar,H1,Total,2842
3.º Trimestre de 2020,110621,Marvila,0012234,1A0110621,Marvila,H1,Total,2765
3.º Trimestre de 2020,110633,Olivais,0012234,1A0110633,Olivais,H1,Total,2508
3.º Trimestre de 2020,110639,São Domingos de Benfica,0012234,1A0110639,São Domingos de Benfica,H1,Total,3409
3.º Trimestre de 2020,110654,Alvalade,0012234,1A0110654,Alvalade,H1,Total,3612
3.º Trimestre de 2020,110655,Areeiro,0012234,1A0110655,Areeiro,H1,Total,3382
3.º Trimestre de 2020,110656,Arroios,0012234,1A0110656,Arroios,H1,Total,3524
3.º Trimestre de 2020,110657,Avenidas Novas,0012234,1A0110657,Avenidas Novas,H1,Total,3836
3.º Trimestre de 2020,110658,Belém,0012234,1A0110658,Belém,H1,Total,3577
3.º Trimestre de 2020,110659,Campo de Ourique,0012234,1A0110659,Campo de Ourique,H1,Total,3646
3.º Trimestre de 2020,110660,Estrela,0012234,1A0110660,Estrela,H1,Total,4112
3.º Trimestre de 2020,110661,Misericórdia,0012234,1A0110661,Misericórdia,H1,Total,5000
3.º Trimestre de 2020,110662,Parque das Nações,0012234,1A0110662,Parque das Nações,H1,Total,4102
3.º Trimestre de 2020,110663,Penha de França,0012234,1A0110663,Penha de França,H1,Total,3017
3.º Trimestre de 2020,110664,Santa Clara,0012234,1A0110664,Santa Clara,H1,Total,2303
3.º Trimestre de 2020,110665,Santa Maria Maior,0012234,1A0110665,Santa Maria Maior,H1,Total,5583
3.º Trimestre de 2020,110666,Santo António,0012234,1A0110666,Santo António,H1,Total,5486
3.º Trimestre de 2020,110667,São Vicente,0012234,1A0110667,São Vicente,H1,Total,3342
4.º Trimestre de 2020,110601,Ajuda,0012234,1A0110601,Ajuda,H1,Total,3063
4.º Trimestre de 2020,110602,Alcântara,0012234,1A0110602,Alcântara,H1,Total,3279
4.º Trimestre de 2020,110607,Beato,0012234,1A0110607,Beato,H1,Total,2478
4.º Trimestre de 2020,110608,Benfica,0012234,1A0110608,Benfica,H1,Total,2758
4.º Trimestre de 2020,110610,Campolide,0012234,1A0110610,Campolide,H1,Total,3466
4.º Trimestre de 2020,110611,Carnide,0012234,1A0110611,Carnide,H1,Total,3324
4.º Trimestre de 2020,110618,Lumiar,0012234,1A0110618,Lumiar,H1,Total,2883
4.º Trimestre de 2020,110621,Marvila,0012234,1A0110621,Marvila,H1,Total,2763
4.º Trimestre de 2020,110633,Olivais,0012234,1A0110633,Olivais,H1,Total,2511
4.º Trimestre de 2020,110639,São Domingos de Benfica,0012234,1A0110639,São Domingos de Benfica,H1,Total,3443
4.º Trimestre de 2020,110654,Alvalade,0012234,1A0110654,Alvalade,H1,Total,3563
4.º Trimestre de 2020,110655,Areeiro,0012234,1A0110655,Areeiro,H1,Total,3320
4.º Trimestre de 2020,110656,Arroios,0012234,1A0110656,Arroios,H1,Total,3604
4.º Trimestre de 2020,110657,Avenidas Novas,0012234,1A0110657,Avenidas Novas,H1,Total,4010
4.º Trimestre de 2020,110658,Belém,0012234,1A0110658,Belém,H1,Total,3853
4.º Trimestre de 2020,110659,Campo de Ourique,0012234,1A0110659,Campo de Ourique,H1,Total,3622
4.º Trimestre de 2020,110660,Estrela,0012234,1A0110660,Estrela,H1,Total,4097
4.º Trimestre de 2020,110661,Misericórdia,0012234,1A0110661,Misericórdia,H1,Total,4710
4.º Trimestre de 2020,110662,Parque das Nações,0012234,1A0110662,Parque das Nações,H1,Total,4018
4.º Trimestre de 2020,110663,Penha de França,0012234,1A0110663,Penha de França,H1,Total,3033
4.º Trimestre de 2020,110664,Santa Clara,0012234,1A0110664,Santa Clara,H1,Total,2259
4.º Trimestre de 2020,110665,Santa Maria Maior,0012234,1A0110665,Santa Maria Maior,H1,Total,5682
4.º Trimestre de 2020,110666,Santo António,0012234,1A0110666,Santo António,H1,Total,5503
4.º Trimestre de 2020,110667,São Vicente,0012234,1A0110667,São Vicente,H1,Total,3506
1.º Trimestre de 2021,110601,Ajuda,0012234,1A0110601,Ajuda,H1,Total,3101
1.º Trimestre de 2021,110602,Alcântara,0012234,1A0110602,Alcântara,H1,Total,3086
1.º Trimestre de 2021,110607,Beato,0012234,1A0110607,Beato,H1,Total,2475
1.º Trimestre de 2021,110608,Benfica,0012234,1A0110608,Benfica,H1,Total,2710
1.º Trimestre de 2021,110610,Campolide,0012234,1A0110610,Campolide,H1,Total,3100
1.º Trimestre de 2021,110611,Carnide,0012234,1A0110611,Carnide,H1,Total,3339
1.º Trimestre de 2021,110618,Lumiar,0012234,1A0110618,Lumiar,H1,Total,2895
1.º Trimestre de 2021,110621,Marvila,0012234,1A0110621,Marvila,H1,Total,2713
1.º Trimestre de 2021,110633,Olivais,0012234,1A0110633,Olivais,H1,Total,2597
1.º Trimestre de 2021,110639,São Domingos de Benfica,0012234,1A0110639,São Domingos de Benfica,H1,Total,3392
1.º Trimestre de 2021,110654,Alvalade,0012234,1A0110654,Alvalade,H1,Total,3500
1.º Trimestre de 2021,110655,Areeiro,0012234,1A0110655,Areeiro,H1,Total,3303
1.º Trimestre de 2021,110656,Arroios,0012234,1A0110656,Arroios,H1,Total,3497
1.º Trimestre de 2021,110657,Avenidas Novas,0012234,1A0110657,Avenidas Novas,H1,Total,4070
1.º Trimestre de 2021,110658,Belém,0012234,1A0110658,Belém,H1,Total,3714
1.º Trimestre de 2021,110659,Campo de Ourique,0012234,1A0110659,Campo de Ourique,H1,Total,3538
1.º Trimestre de 2021,110660,Estrela,0012234,1A0110660,Estrela,H1,Total,4004
1.º Trimestre de 2021,110661,Misericórdia,0012234,1A0110661,Misericórdia,H1,Total,4302
1.º Trimestre de 2021,110662,Parque das Nações,0012234,1A0110662,Parque das Nações,H1,Total,4019
1.º Trimestre de 2021,110663,Penha de França,0012234,1A0110663,Penha de França,H1,Total,2922
1.º Trimestre de 2021,110664,Santa Clara,0012234,1A0110664,Santa Clara,H1,Total,2199
1.º Trimestre de 2021,110665,Santa Maria Maior,0012234,1A0110665,Santa Maria Maior,H1,Total,4722
1.º Trimestre de 2021,110666,Santo António,0012234,1A0110666,Santo António,H1,Total,5421
1.º Trimestre de 2021,110667,São Vicente,0012234,1A0110667,São Vicente,H1,Total,3527
2.º Trimestre de 2021,110601,Ajuda,0012234,1A0110601,Ajuda,H1,Total,3088
2.º Trimestre de 2021,110602,Alcântara,0012234,1A0110602,Alcântara,H1,Total,3086
2.º Trimestre de 2021,110607,Beato,0012234,1A0110607,Beato,H1,Total,2536
2.º Trimestre de 2021,110608,Benfica,0012234,1A0110608,Benfica,H1,Total,2782
2.º Trimestre de 2021,110610,Campolide,0012234,1A0110610,Campolide,H1,Total,3336
2.º Trimestre de 2021,110611,Carnide,0012234,1A0110611,Carnide,H1,Total,3266
2.º Trimestre de 2021,110618,Lumiar,0012234,1A0110618,Lumiar,H1,Total,2909
2.º Trimestre de 2021,110621,Marvila,0012234,1A0110621,Marvila,H1,Total,2955
2.º Trimestre de 2021,110633,Olivais,0012234,1A0110633,Olivais,H1,Total,2729
2.º Trimestre de 2021,110639,São Domingos de Benfica,0012234,1A0110639,São Domingos de Benfica,H1,Total,3443
2.º Trimestre de 2021,110654,Alvalade,0012234,1A0110654,Alvalade,H1,Total,3704
2.º Trimestre de 2021,110655,Areeiro,0012234,1A0110655,Areeiro,H1,Total,3307
2.º Trimestre de 2021,110656,Arroios,0012234,1A0110656,Arroios,H1,Total,3397
2.º Trimestre de 2021,110657,Avenidas Novas,0012234,1A0110657,Avenidas Novas,H1,Total,4202
2.º Trimestre de 2021,110658,Belém,0012234,1A0110658,Belém,H1,Total,3699
2.º Trimestre de 2021,110659,Campo de Ourique,0012234,1A0110659,Campo de Ourique,H1,Total,3571
2.º Trimestre de 2021,110660,Estrela,0012234,1A0110660,Estrela,H1,Total,3854
2.º Trimestre de 2021,110661,Misericórdia,0012234,1A0110661,Misericórdia,H1,Total,4181
2.º Trimestre de 2021,110662,Parque das Nações,0012234,1A0110662,Parque das Nações,H1,Total,4000
2.º Trimestre de 2021,110663,Penha de França,0012234,1A0110663,Penha de França,H1,Total,2935
2.º Trimestre de 2021,110664,Santa Clara,0012234,1A0110664,Santa Clara,H1,Total,2386
2.º Trimestre de 2021,110665,Santa Maria Maior,0012234,1A0110665,Santa Maria Maior,H1,Total,4123
2.º Trimestre de 2021,110666,Santo António,0012234,1A0110666,Santo António,H1,Total,5416
2.º Trimestre de 2021,110667,São Vicente,0012234,1A0110667,São Vicente,H1,Total,3542
3.º Trimestre de 2021,110601,Ajuda,0012234,1A0110601,Ajuda,H1,Total,3131
3.º Trimestre de 2021,110602,Alcântara,0012234,1A0110602,Alcântara,H1,Total,3163
3.º Trimestre de 2021,110607,Beato,0012234,1A0110607,Beato,H1,Total,2727
3.º Trimestre de 2021,110608,Benfica,0012234,1A0110608,Benfica,H1,Total,2858
3.º Trimestre de 2021,110610,Campolide,0012234,1A0110610,Campolide,H1,Total,3487
3.º Trimestre de 2021,110611,Carnide,0012234,1A0110611,Carnide,H1,Total,3345
3.º Trimestre de 2021,110618,Lumiar,0012234,1A0110618,Lumiar,H1,Total,3146
3.º Trimestre de 2021,110621,Marvila,0012234,1A0110621,Marvila,H1,Total,3154
3.º Trimestre de 2021,110633,Olivais,0012234,1A0110633,Olivais,H1,Total,2787
3.º Trimestre de 2021,110639,São Domingos de Benfica,0012234,1A0110639,São Domingos de Benfica,H1,Total,3362
3.º Trimestre de 2021,110654,Alvalade,0012234,1A0110654,Alvalade,H1,Total,3736
3.º Trimestre de 2021,110655,Areeiro,0012234,1A0110655,Areeiro,H1,Total,3319
3.º Trimestre de 2021,110656,Arroios,0012234,1A0110656,Arroios,H1,Total,3336
3.º Trimestre de 2021,110657,Avenidas Novas,0012234,1A0110657,Avenidas Novas,H1,Total,4233
3.º Trimestre de 2021,110658,Belém,0012234,1A0110658,Belém,H1,Total,3813
3.º Trimestre de 2021,110659,Campo de Ourique,0012234,1A0110659,Campo de Ourique,H1,Total,3793
3.º Trimestre de 2021,110660,Estrela,0012234,1A0110660,Estrela,H1,Total,3982
3.º Trimestre de 2021,110661,Misericórdia,0012234,1A0110661,Misericórdia,H1,Total,3854
3.º Trimestre de 2021,110662,Parque das Nações,0012234,1A0110662,Parque das Nações,H1,Total,4336
3.º Trimestre de 2021,110663,Penha de França,0012234,1A0110663,Penha de França,H1,Total,3097
3.º Trimestre de 2021,110664,Santa Clara,0012234,1A0110664,Santa Clara,H1,Total,2501
3.º Trimestre de 2021,110665,Santa Maria Maior,0012234,1A0110665,Santa Maria Maior,H1,Total,3818
3.º Trimestre de 2021,110666,Santo António,0012234,1A0110666,Santo António,H1,Total,5418
3.º Trimestre de 2021,110667,São Vicente,0012234,1A0110667,São Vicente,H1,Total,3571
4.º Trimestre de 2021,110601,Ajuda,0012234,1A0110601,Ajuda,H1,Total,3333
4.º Trimestre de 2021,110602,Alcântara,0012234,1A0110602,Alcântara,H1,Total,3309
4.º Trimestre de 2021,110607,Beato,0012234,1A0110607,Beato,H1,Total,2762
4.º Trimestre de 2021,110608,Benfica,0012234,1A0110608,Benfica,H1,Total,2897
4.º Trimestre de 2021,110610,Campolide,0012234,1A0110610,Campolide,H1,Total,3374
4.º Trimestre de 2021,110611,Carnide,0012234,1A0110611,Carnide,H1,Total,3490
4.º Trimestre de 2021,110618,Lumiar,0012234,1A0110618,Lumiar,H1,Total,3211
4.º Trimestre de 2021,110621,Marvila,0012234,1A0110621,Marvila,H1,Total,3335
4.º Trimestre de 2021,110633,Olivais,0012234,1A0110633,Olivais,H1,Total,2805
4.º Trimestre de 2021,110639,São Domingos de Benfica,0012234,1A0110639,São Domingos de Benfica,H1,Total,3362
4.º Trimestre de 2021,110654,Alvalade,0012234,1A0110654,Alvalade,H1,Total,3808
4.º Trimestre de 2021,110655,Areeiro,0012234,1A0110655,Areeiro,H1,Total,3500
4.º Trimestre de 2021,110656,Arroios,0012234,1A0110656,Arroios,H1,Total,3450
4.º Trimestre de 2021,110657,Avenidas Novas,0012234,1A0110657,Avenidas Novas,H1,Total,4243
4.º Trimestre de 2021,110658,Belém,0012234,1A0110658,Belém,H1,Total,3824
4.º Trimestre de 2021,110659,Campo de Ourique,0012234,1A0110659,Campo de Ourique,H1,Total,3988
4.º Trimestre de 2021,110660,Estrela,0012234,1A0110660,Estrela,H1,Total,4061
4.º Trimestre de 2021,110661,Misericórdia,0012234,1A0110661,Misericórdia,H1,Total,4375
4.º Trimestre de 2021,110662,Parque das Nações,0012234,1A0110662,Parque das Nações,H1,Total,4431
4.º Trimestre de 2021,110663,Penha de França,0012234,1A0110663,Penha de França,H1,Total,3156
4.º Trimestre de 2021,110664,Santa Clara,0012234,1A0110664,Santa Clara,H1,Total,2501
4.º Trimestre de 2021,110665,Santa Maria Maior,0012234,1A0110665,Santa Maria Maior,H1,Total,4157
4.º Trimestre de 2021,110666,Santo António,0012234,1A0110666,Santo António,H1,Total,5435
4.º Trimestre de 2021,110667,São Vicente,0012234,1A0110667,São Vicente,H1,Total,3409
1.º Trimestre de 2022,110601,Ajuda,0012234,1A0110601,Ajuda,H1,Total,3485
1.º Trimestre de 2022,110602,Alcântara,0012234,1A0110602,Alcântara,H1,Total,3459
1.º Trimestre de 2022,110607,Beato,0012234,1A0110607,Beato,H1,Total,2849
1.º Trimestre de 2022,110608,Benfica,0012234,1A0110608,Benfica,H1,Total,2993
1.º Trimestre de 2022,110610,Campolide,0012234,1A0110610,Campolide,H1,Total,3421
1.º Trimestre de 2022,110611,Carnide,0012234,1A0110611,Carnide,H1,Total,3583
1.º Trimestre de 2022,110618,Lumiar,0012234,1A0110618,Lumiar,H1,Total,3297
1.º Trimestre de 2022,110621,Marvila,0012234,1A0110621,Marvila,H1,Total,3493
1.º Trimestre de 2022,110633,Olivais,0012234,1A0110633,Olivais,H1,Total,2798
1.º Trimestre de 2022,110639,São Domingos de Benfica,0012234,1A0110639,São Domingos de Benfica,H1,Total,3469
1.º Trimestre de 2022,110654,Alvalade,0012234,1A0110654,Alvalade,H1,Total,3944
1.º Trimestre de 2022,110655,Areeiro,0012234,1A0110655,Areeiro,H1,Total,3566
1.º Trimestre de 2022,110656,Arroios,0012234,1A0110656,Arroios,H1,Total,3634
1.º Trimestre de 2022,110657,Avenidas Novas,0012234,1A0110657,Avenidas Novas,H1,Total,4182
1.º Trimestre de 2022,110658,Belém,0012234,1A0110658,Belém,H1,Total,3904
1.º Trimestre de 2022,110659,Campo de Ourique,0012234,1A0110659,Campo de Ourique,H1,Total,4128
1.º Trimestre de 2022,110660,Estrela,0012234,1A0110660,Estrela,H1,Total,4167
1.º Trimestre de 2022,110661,Misericórdia,0012234,1A0110661,Misericórdia,H1,Total,4392
1.º Trimestre de 2022,110662,Parque das Nações,0012234,1A0110662,Parque das Nações,H1,Total,4390
1.º Trimestre de 2022,110663,Penha de França,0012234,1A0110663,Penha de França,H1,Total,3136
1.º Trimestre de 2022,110664,Santa Clara,0012234,1A0110664,Santa Clara,H1,Total,2475
1.º Trimestre de 2022,110665,Santa Maria Maior,0012234,1A0110665,Santa Maria Maior,H1,Total,4500
1.º Trimestre de 2022,110666,Santo António,0012234,1A0110666,Santo António,H1,Total,5624
1.º Trimestre de 2022,110667,São Vicente,0012234,1A0110667,São Vicente,H1,Total,3581
2.º Trimestre de 2022,110601,Ajuda,0012234,1A0110601,Ajuda,H1,Total,3584
2.º Trimestre de 2022,110602,Alcântara,0012234,1A0110602,Alcântara,H1,Total,3497
2.º Trimestre de 2022,110607,Beato,0012234,1A0110607,Beato,H1,Total,2878
2.º Trimestre de 2022,110608,Benfica,0012234,1A0110608,Benfica,H1,Total,3061
2.º Trimestre de 2022,110610,Campolide,0012234,1A0110610,Campolide,H1,Total,3559
2.º Trimestre de 2022,110611,Carnide,0012234,1A0110611,Carnide,H1,Total,3589
2.º Trimestre de 2022,110618,Lumiar,0012234,1A0110618,Lumiar,H1,Total,3313
2.º Trimestre de 2022,110621,Marvila,0012234,1A0110621,Marvila,H1,Total,5297
2.º Trimestre de 2022,110633,Olivais,0012234,1A0110633,Olivais,H1,Total,2785
2.º Trimestre de 2022,110639,São Domingos de Benfica,0012234,1A0110639,São Domingos de Benfica,H1,Total,3530
2.º Trimestre de 2022,110654,Alvalade,0012234,1A0110654,Alvalade,H1,Total,4103
2.º Trimestre de 2022,110655,Areeiro,0012234,1A0110655,Areeiro,H1,Total,3655
2.º Trimestre de 2022,110656,Arroios,0012234,1A0110656,Arroios,H1,Total,3710
2.º Trimestre de 2022,110657,Avenidas Novas,0012234,1A0110657,Avenidas Novas,H1,Total,4214
2.º Trimestre de 2022,110658,Belém,0012234,1A0110658,Belém,H1,Total,4048
2.º Trimestre de 2022,110659,Campo de Ourique,0012234,1A0110659,Campo de Ourique,H1,Total,4366
2.º Trimestre de 2022,110660,Estrela,0012234,1A0110660,Estrela,H1,Total,4254
2.º Trimestre de 2022,110661,Misericórdia,0012234,1A0110661,Misericórdia,H1,Total,4412
2.º Trimestre de 2022,110662,Parque das Nações,0012234,1A0110662,Parque das Nações,H1,Total,4525
2.º Trimestre de 2022,110663,Penha de França,0012234,1A0110663,Penha de França,H1,Total,3159
2.º Trimestre de 2022,110664,Santa Clara,0012234,1A0110664,Santa Clara,H1,Total,2589
2.º Trimestre de 2022,110665,Santa Maria Maior,0012234,1A0110665,Santa Maria Maior,H1,Total,4536
2.º Trimestre de 2022,110666,Santo António,0012234,1A0110666,Santo António,H1,Total,5547
2.º Trimestre de 2022,110667,São Vicente,0012234,1A0110667,São Vicente,H1,Total,3730
3.º Trimestre de 2022,110601,Ajuda,0012234,1A0110601,Ajuda,H1,Total,3750
3.º Trimestre de 2022,110602,Alcântara,0012234,1A0110602,Alcântara,H1,Total,3667
3.º Trimestre de 2022,110607,Beato,0012234,1A0110607,Beato,H1,Total,2857
3.º Trimestre de 2022,110608,Benfica,0012234,1A0110608,Benfica,H1,Total,3173
3.º Trimestre de 2022,110610,Campolide,0012234,1A0110610,Campolide,H1,Total,3398
3.º Trimestre de 2022,110611,Carnide,0012234,1A0110611,Carnide,H1,Total,3631
3.º Trimestre de 2022,110618,Lumiar,0012234,1A0110618,Lumiar,H1,Total,3288
3.º Trimestre de 2022,110621,Marvila,0012234,1A0110621,Marvila,H1,Total,5440
3.º Trimestre de 2022,110633,Olivais,0012234,1A0110633,Olivais,H1,Total,2839
3.º Trimestre de 2022,110639,São Domingos de Benfica,0012234,1A0110639,São Domingos de Benfica,H1,Total,3630
3.º Trimestre de 2022,110654,Alvalade,0012234,1A0110654,Alvalade,H1,Total,4217
3.º Trimestre de 2022,110655,Areeiro,0012234,1A0110655,Areeiro,H1,Total,3747
3.º Trimestre de 2022,110656,Arroios,0012234,1A0110656,Arroios,H1,Total,3831
3.º Trimestre de 2022,110657,Avenidas Novas,0012234,1A0110657,Avenidas Novas,H1,Total,4282
3.º Trimestre de 2022,110658,Belém,0012234,1A0110658,Belém,H1,Total,4107
3.º Trimestre de 2022,110659,Campo de Ourique,0012234,1A0110659,Campo de Ourique,H1,Total,4560
3.º Trimestre de 2022,110660,Estrela,0012234,1A0110660,Estrela,H1,Total,4333
3.º Trimestre de 2022,110661,Misericórdia,0012234,1A0110661,Misericórdia,H1,Total,4521
3.º Trimestre de 2022,110662,Parque das Nações,0012234,1A0110662,Parque das Nações,H1,Total,4642
3.º Trimestre de 2022,110663,Penha de França,0012234,1A0110663,Penha de França,H1,Total,3185
3.º Trimestre de 2022,110664,Santa Clara,0012234,1A0110664,Santa Clara,H1,Total,2556
3.º Trimestre de 2022,110665,Santa Maria Maior,0012234,1A0110665,Santa Maria Maior,H1,Total,4574
3.º Trimestre de 2022,110666,Santo António,0012234,1A0110666,Santo António,H1,Total,5753
3.º Trimestre de 2022,110667,São Vicente,0012234,1A0110667,São Vicente,H1,Total,3965
4.º Trimestre de 2022,110601,Ajuda,0012234,1A0110601,Ajuda,H1,Total,4068
4.º Trimestre de 2022,110602,Alcântara,0012234,1A0110602,Alcântara,H1,Total,3732
4.º Trimestre de 2022,110607,Beato,0012234,1A0110607,Beato,H1,Total,3009
4.º Trimestre de 2022,110608,Benfica,0012234,1A0110608,Benfica,H1,Total,3288
4.º Trimestre de 2022,110610,Campolide,0012234,1A0110610,Campolide,H1,Total,3559
4.º Trimestre de 2022,110611,Carnide,0012234,1A0110611,Carnide,H1,Total,3649
4.º Trimestre de 2022,110618,Lumiar,0012234,1A0110618,Lumiar,H1,Total,3371
4.º Trimestre de 2022,110621,Marvila,0012234,1A0110621,Marvila,H1,Total,5440
4.º Trimestre de 2022,110633,Olivais,0012234,1A0110633,Olivais,H1,Total,3175
4.º Trimestre de 2022,110639,São Domingos de Benfica,0012234,1A0110639,São Domingos de Benfica,H1,Total,3758
4.º Trimestre de 2022,110654,Alvalade,0012234,1A0110654,Alvalade,H1,Total,4271
4.º Trimestre de 2022,110655,Areeiro,0012234,1A0110655,Areeiro,H1,Total,3793
4.º Trimestre de 2022,110656,Arroios,0012234,1A0110656,Arroios,H1,Total,3870
4.º Trimestre de 2022,110657,Avenidas Novas,0012234,1A0110657,Avenidas Novas,H1,Total,4339
4.º Trimestre de 2022,110658,Belém,0012234,1A0110658,Belém,H1,Total,4265
4.º Trimestre de 2022,110659,Campo de Ourique,0012234,1A0110659,Campo de Ourique,H1,Total,4760
4.º Trimestre de 2022,110660,Estrela,0012234,1A0110660,Estrela,H1,Total,4448
4.º Trimestre de 2022,110661,Misericórdia,0012234,1A0110661,Misericórdia,H1,Total,4449
4.º Trimestre de 2022,110662,Parque das Nações,0012234,1A0110662,Parque das Nações,H1,Total,4690
4.º Trimestre de 2022,110663,Penha de França,0012234,1A0110663,Penha de França,H1,Total,3246
4.º Trimestre de 2022,110664,Santa Clara,0012234,1A0110664,Santa Clara,H1,Total,2622
4.º Trimestre de 2022,110665,Santa Maria Maior,0012234,1A0110665,Santa Maria Maior,H1,Total,4392
4.º Trimestre de 2022,110666,Santo António,0012234,1A0110666,Santo António,H1,Total,5753
4.º Trimestre de 2022,110667,São Vicente,0012234,1A0110667,São Vicente,H1,Total,4200
1.º Trimestre de 2023,110601,Ajuda,0012234,1A0110601,Ajuda,H1,Total,4146
1.º Trimestre de 2023,110602,Alcântara,0012234,1A0110602,Alcântara,H1,Total,3763
1.º Trimestre de 2023,110607,Beato,0012234,1A0110607,Beato,H1,Total,3091
1.º Trimestre de 2023,110608,Benfica,0012234,1A0110608,Benfica,H1,Total,3375
1.º Trimestre de 2023,110610,Campolide,0012234,1A0110610,Campolide,H1,Total,3656
1.º Trimestre de 2023,110611,Carnide,0012234,1A0110611,Carnide,H1,Total,3975
1.º Trimestre de 2023,110618,Lumiar,0012234,1A0110618,Lumiar,H1,Total,3410
1.º Trimestre de 2023,110621,Marvila,0012234,1A0110621,Marvila,H1,Total,5506
1.º Trimestre de 2023,110633,Olivais,0012234,1A0110633,Olivais,H1,Total,3297
1.º Trimestre de 2023,110639,São Domingos de Benfica,0012234,1A0110639,São Domingos de Benfica,H1,Total,3819
1.º Trimestre de 2023,110654,Alvalade,0012234,1A0110654,Alvalade,H1,Total,4545
1.º Trimestre de 2023,110655,Areeiro,0012234,1A0110655,Areeiro,H1,Total,3878
1.º Trimestre de 2023,110656,Arroios,0012234,1A0110656,Arroios,H1,Total,3858
1.º Trimestre de 2023,110657,Avenidas Novas,0012234,1A0110657,Avenidas Novas,H1,Total,4441
1.º Trimestre de 2023,110658,Belém,0012234,1A0110658,Belém,H1,Total,4370
1.º Trimestre de 2023,110659,Campo de Ourique,0012234,1A0110659,Campo de Ourique,H1,Total,4834
1.º Trimestre de 2023,110660,Estrela,0012234,1A0110660,Estrela,H1,Total,4588
1.º Trimestre de 2023,110661,Misericórdia,0012234,1A0110661,Misericórdia,H1,Total,4775
1.º Trimestre de 2023,110662,Parque das Nações,0012234,1A0110662,Parque das Nações,H1,Total,4945
1.º Trimestre de 2023,110663,Penha de França,0012234,1A0110663,Penha de França,H1,Total,3429
1.º Trimestre de 2023,110664,Santa Clara,0012234,1A0110664,Santa Clara,H1,Total,2643
1.º Trimestre de 2023,110665,Santa Maria Maior,0012234,1A0110665,Santa Maria Maior,H1,Total,4155
1.º Trimestre de 2023,110666,Santo António,0012234,1A0110666,Santo António,H1,Total,5666
1.º Trimestre de 2023,110667,São Vicente,0012234,1A0110667,São Vicente,H1,Total,4239
2.º Trimestre de 2023,110601,Ajuda,0012234,1A0110601,Ajuda,H1,Total,4068
2.º Trimestre de 2023,110602,Alcântara,0012234,1A0110602,Alcântara,H1,Total,4000
2.º Trimestre de 2023,110607,Beato,0012234,1A0110607,Beato,H1,Total,3098
2.º Trimestre de 2023,110608,Benfica,0012234,1A0110608,Benfica,H1,Total,3633
2.º Trimestre de 2023,110610,Campolide,0012234,1A0110610,Campolide,H1,Total,3851
2.º Trimestre de 2023,110611,Carnide,0012234,1A0110611,Carnide,H1,Total,4162
2.º Trimestre de 2023,110618,Lumiar,0012234,1A0110618,Lumiar,H1,Total,3483
2.º Trimestre de 2023,110621,Marvila,0012234,1A0110621,Marvila,H1,Total,5330
2.º Trimestre de 2023,110633,Olivais,0012234,1A0110633,Olivais,H1,Total,3472
2.º Trimestre de 2023,110639,São Domingos de Benfica,0012234,1A0110639,São Domingos de Benfica,H1,Total,3860
2.º Trimestre de 2023,110654,Alvalade,0012234,1A0110654,Alvalade,H1,Total,4479
2.º Trimestre de 2023,110655,Areeiro,0012234,1A0110655,Areeiro,H1,Total,4072
2.º Trimestre de 2023,110656,Arroios,0012234,1A0110656,Arroios,H1,Total,4045
2.º Trimestre de 2023,110657,Avenidas Novas,0012234,1A0110657,Avenidas Novas,H1,Total,4550
2.º Trimestre de 2023,110658,Belém,0012234,1A0110658,Belém,H1,Total,4364
2.º Trimestre de 2023,110659,Campo de Ourique,0012234,1A0110659,Campo de Ourique,H1,Total,4840
2.º Trimestre de 2023,110660,Estrela,0012234,1A0110660,Estrela,H1,Total,4972
2.º Trimestre de 2023,110661,Misericórdia,0012234,1A0110661,Misericórdia,H1,Total,5000
2.º Trimestre de 2023,110662,Parque das Nações,0012234,1A0110662,Parque das Nações,H1,Total,5013
2.º Trimestre de 2023,110663,Penha de França,0012234,1A0110663,Penha de França,H1,Total,3519
2.º Trimestre de 2023,110664,Santa Clara,0012234,1A0110664,Santa Clara,H1,Total,2597
2.º Trimestre de 2023,110665,Santa Maria Maior,0012234,1A0110665,Santa Maria Maior,H1,Total,4396
2.º Trimestre de 2023,110666,Santo António,0012234,1A0110666,Santo António,H1,Total,5990
2.º Trimestre de 2023,110667,São Vicente,0012234,1A0110667,São Vicente,H1,Total,4219
3.º Trimestre de 2023,110601,Ajuda,0012234,1A0110601,Ajuda,H1,Total,4083
3.º Trimestre de 2023,110602,Alcântara,0012234,1A0110602,Alcântara,H1,Total,4327
3.º Trimestre de 2023,110607,Beato,0012234,1A0110607,Beato,H1,Total,3153
3.º Trimestre de 2023,110608,Benfica,0012234,1A0110608,Benfica,H1,Total,3797
3.º Trimestre de 2023,110610,Campolide,0012234,1A0110610,Campolide,H1,Total,4051
3.º Trimestre de 2023,110611,Carnide,0012234,1A0110611,Carnide,H1,Total,4268
3.º Trimestre de 2023,110618,Lumiar,0012234,1A0110618,Lumiar,H1,Total,3594
3.º Trimestre de 2023,110621,Marvila,0012234,1A0110621,Marvila,H1,Total,5575
3.º Trimestre de 2023,110633,Olivais,0012234,1A0110633,Olivais,H1,Total,3669
3.º Trimestre de 2023,110639,São Domingos de Benfica,0012234,1A0110639,São Domingos de Benfica,H1,Total,3918
3.º Trimestre de 2023,110654,Alvalade,0012234,1A0110654,Alvalade,H1,Total,4545
3.º Trimestre de 2023,110655,Areeiro,0012234,1A0110655,Areeiro,H1,Total,4079
3.º Trimestre de 2023,110656,Arroios,0012234,1A0110656,Arroios,H1,Total,4108
3.º Trimestre de 2023,110657,Avenidas Novas,0012234,1A0110657,Avenidas Novas,H1,Total,4529
3.º Trimestre de 2023,110658,Belém,0012234,1A0110658,Belém,H1,Total,4468
3.º Trimestre de 2023,110659,Campo de Ourique,0012234,1A0110659,Campo de Ourique,H1,Total,4893
3.º Trimestre de 2023,110660,Estrela,0012234,1A0110660,Estrela,H1,Total,5000
3.º Trimestre de 2023,110661,Misericórdia,0012234,1A0110661,Misericórdia,H1,Total,5199
3.º Trimestre de 2023,110662,Parque das Nações,0012234,1A0110662,Parque das Nações,H1,Total,4990
3.º Trimestre de 2023,110663,Penha de França,0012234,1A0110663,Penha de França,H1,Total,3589
3.º Trimestre de 2023,110664,Santa Clara,0012234,1A0110664,Santa Clara,H1,Total,2788
3.º Trimestre de 2023,110665,Santa Maria Maior,0012234,1A0110665,Santa Maria Maior,H1,Total,4627
3.º Trimestre de 2023,110666,Santo António,0012234,1A0110666,Santo António,H1,Total,6080
3.º Trimestre de 2023,110667,São Vicente,0012234,1A0110667,São Vicente,H1,Total,4106
4.º Trimestre de 2023,110601,Ajuda,0012234,1A0110601,Ajuda,H1,Total,3704
4.º Trimestre de 2023,110602,Alcântara,0012234,1A0110602,Alcântara,H1,Total,4253
4.º Trimestre de 2023,110607,Beato,0012234,1A0110607,Beato,H1,Total,3096
4.º Trimestre de 2023,110608,Benfica,0012234,1A0110608,Benfica,H1,Total,3827
4.º Trimestre de 2023,110610,Campolide,0012234,1A0110610,Campolide,H1,Total,4167
4.º Trimestre de 2023,110611,Carnide,0012234,1A0110611,Carnide,H1,Total,4310
4.º Trimestre de 2023,110618,Lumiar,0012234,1A0110618,Lumiar,H1,Total,3632
4.º Trimestre de 2023,110621,Marvila,0012234,1A0110621,Marvila,H1,Total,5833
4.º Trimestre de 2023,110633,Olivais,0012234,1A0110633,Olivais,H1,Total,3487
4.º Trimestre de 2023,110639,São Domingos de Benfica,0012234,1A0110639,São Domingos de Benfica,H1,Total,3966
4.º Trimestre de 2023,110654,Alvalade,0012234,1A0110654,Alvalade,H1,Total,4520
4.º Trimestre de 2023,110655,Areeiro,0012234,1A0110655,Areeiro,H1,Total,4470
4.º Trimestre de 2023,110656,Arroios,0012234,1A0110656,Arroios,H1,Total,4163
4.º Trimestre de 2023,110657,Avenidas Novas,0012234,1A0110657,Avenidas Novas,H1,Total,4554
4.º Trimestre de 2023,110658,Belém,0012234,1A0110658,Belém,H1,Total,4483
4.º Trimestre de 2023,110659,Campo de Ourique,0012234,1A0110659,Campo de Ourique,H1,Total,4769
4.º Trimestre de 2023,110660,Estrela,0012234,1A0110660,Estrela,H1,Total,5051
4.º Trimestre de 2023,110661,Misericórdia,0012234,1A0110661,Misericórdia,H1,Total,5288
4.º Trimestre de 2023,110662,Parque das Nações,0012234,1A0110662,Parque das Nações,H1,Total,5077
4.º Trimestre de 2023,110663,Penha de França,0012234,1A0110663,Penha de França,H1,Total,3570
4.º Trimestre de 2023,110664,Santa Clara,0012234,1A0110664,Santa Clara,H1,Total,2783
4.º Trimestre de 2023,110665,Santa Maria Maior,0012234,1A0110665,Santa Maria Maior,H1,Total,4928
4.º Trimestre de 2023,110666,Santo António,0012234,1A0110666,Santo António,H1,Total,6458
4.º Trimestre de 2023,110667,São Vicente,0012234,1A0110667,São Vicente,H1,Total,4052
1.º Trimestre de 2024,110601,Ajuda,0012234,1A0110601,Ajuda,H1,Total,3913
1.º Trimestre de 2024,110602,Alcântara,0012234,1A0110602,Alcântara,H1,Total,4252
1.º Trimestre de 2024,110607,Beato,0012234,1A0110607,Beato,H1,Total,3125
1.º Trimestre de 2024,110608,Benfica,0012234,1A0110608,Benfica,H1,Total,3875
1.º Trimestre de 2024,110610,Campolide,0012234,1A0110610,Campolide,H1,Total,4121
1.º Trimestre de 2024,110611,Carnide,0012234,1A0110611,Carnide,H1,Total,4197
1.º Trimestre de 2024,110618,Lumiar,0012234,1A0110618,Lumiar,H1,Total,3682
1.º Trimestre de 2024,110621,Marvila,0012234,1A0110621,Marvila,H1,Total,6049
1.º Trimestre de 2024,110633,Olivais,0012234,1A0110633,Olivais,H1,Total,3544
1.º Trimestre de 2024,110639,São Domingos de Benfica,0012234,1A0110639,São Domingos de Benfica,H1,Total,3966
1.º Trimestre de 2024,110654,Alvalade,0012234,1A0110654,Alvalade,H1,Total,4406
1.º Trimestre de 2024,110655,Areeiro,0012234,1A0110655,Areeiro,H1,Total,4570
1.º Trimestre de 2024,110656,Arroios,0012234,1A0110656,Arroios,H1,Total,4398
1.º Trimestre de 2024,110657,Avenidas Novas,0012234,1A0110657,Avenidas Novas,H1,Total,4496
1.º Trimestre de 2024,110658,Belém,0012234,1A0110658,Belém,H1,Total,4650
1.º Trimestre de 2024,110659,Campo de Ourique,0012234,1A0110659,Campo de Ourique,H1,Total,4771
1.º Trimestre de 2024,110660,Estrela,0012234,1A0110660,Estrela,H1,Total,5046
1.º Trimestre de 2024,110661,Misericórdia,0012234,1A0110661,Misericórdia,H1,Total,5169
1.º Trimestre de 2024,110662,Parque das Nações,0012234,1A0110662,Parque das Nações,H1,Total,5056
1.º Trimestre de 2024,110663,Penha de França,0012234,1A0110663,Penha de França,H1,Total,3593
1.º Trimestre de 2024,110664,Santa Clara,0012234,1A0110664,Santa Clara,H1,Total,2899
1.º Trimestre de 2024,110665,Santa Maria Maior,0012234,1A0110665,Santa Maria Maior,H1,Total,5200
1.º Trimestre de 2024,110666,Santo António,0012234,1A0110666,Santo António,H1,Total,6456
1.º Trimestre de 2024,110667,São Vicente,0012234,1A0110667,São Vicente,H1,Total,4169
2.º Trimestre de 2024,110601,Ajuda,0012234,1A0110601,Ajuda,H1,Total,4000
2.º Trimestre de 2024,110602,Alcântara,0012234,1A0110602,Alcântara,H1,Total,4313
2.º Trimestre de 2024,110607,Beato,0012234,1A0110607,Beato,H1,Total,3197
2.º Trimestre de 2024,110608,Benfica,0012234,1A0110608,Benfica,H1,Total,3797
2.º Trimestre de 2024,110610,Campolide,0012234,1A0110610,Campolide,H1,Total,4167
2.º Trimestre de 2024,110611,Carnide,0012234,1A0110611,Carnide,H1,Total,3991
2.º Trimestre de 2024,110618,Lumiar,0012234,1A0110618,Lumiar,H1,Total,3715
2.º Trimestre de 2024,110621,Marvila,0012234,1A0110621,Marvila,H1,Total,6044
2.º Trimestre de 2024,110633,Olivais,0012234,1A0110633,Olivais,H1,Total,3500
2.º Trimestre de 2024,110639,São Domingos de Benfica,0012234,1A0110639,São Domingos de Benfica,H1,Total,4000
2.º Trimestre de 2024,110654,Alvalade,0012234,1A0110654,Alvalade,H1,Total,4431
2.º Trimestre de 2024,110655,Areeiro,0012234,1A0110655,Areeiro,H1,Total,4971
2.º Trimestre de 2024,110656,Arroios,0012234,1A0110656,Arroios,H1,Total,4328
2.º Trimestre de 2024,110657,Avenidas Novas,0012234,1A0110657,Avenidas Novas,H1,Total,4682
2.º Trimestre de 2024,110658,Belém,0012234,1A0110658,Belém,H1,Total,4815
2.º Trimestre de 2024,110659,Campo de Ourique,0012234,1A0110659,Campo de Ourique,H1,Total,4844
2.º Trimestre de 2024,110660,Estrela,0012234,1A0110660,Estrela,H1,Total,5221
2.º Trimestre de 2024,110661,Misericórdia,0012234,1A0110661,Misericórdia,H1,Total,5398
2.º Trimestre de 2024,110662,Parque das Nações,0012234,1A0110662,Parque das Nações,H1,Total,4974
2.º Trimestre de 2024,110663,Penha de França,0012234,1A0110663,Penha de França,H1,Total,3614
2.º Trimestre de 2024,110664,Santa Clara,0012234,1A0110664,Santa Clara,H1,Total,3267
2.º Trimestre de 2024,110665,Santa Maria Maior,0012234,1A0110665,Santa Maria Maior,H1,Total,5037
2.º Trimestre de 2024,110666,Santo António,0012234,1A0110666,Santo António,H1,Total,6315
2.º Trimestre de 2024,110667,São Vicente,0012234,1A0110667,São Vicente,H1,Total,4146
3.º Trimestre de 2024,110601,Ajuda,0012234,1A0110601,Ajuda,H1,Total,4000
3.º Trimestre de 2024,110602,Alcântara,0012234,1A0110602,Alcântara,H1,Total,4151
3.º Trimestre de 2024,110607,Beato,0012234,1A0110607,Beato,H1,Total,3746
3.º Trimestre de 2024,110608,Benfica,0012234,1A0110608,Benfica,H1,Total,3873
3.º Trimestre de 2024,110610,Campolide,0012234,1A0110610,Campolide,H1,Total,4557
3.º Trimestre de 2024,110611,Carnide,0012234,1A0110611,Carnide,H1,Total,4032
3.º Trimestre de 2024,110618,Lumiar,0012234,1A0110618,Lumiar,H1,Total,3769
3.º Trimestre de 2024,110621,Marvila,0012234,1A0110621,Marvila,H1,Total,6014
3.º Trimestre de 2024,110633,Olivais,0012234,1A0110633,Olivais,H1,Total,3468
3.º Trimestre de 2024,110639,São Domingos de Benfica,0012234,1A0110639,São Domingos de Benfica,H1,Total,4088
3.º Trimestre de 2024,110654,Alvalade,0012234,1A0110654,Alvalade,H1,Total,4514
3.º Trimestre de 2024,110655,Areeiro,0012234,1A0110655,Areeiro,H1,Total,5284
3.º Trimestre de 2024,110656,Arroios,0012234,1A0110656,Arroios,H1,Total,4310
3.º Trimestre de 2024,110657,Avenidas Novas,0012234,1A0110657,Avenidas Novas,H1,Total,4620
3.º Trimestre de 2024,110658,Belém,0012234,1A0110658,Belém,H1,Total,4894
3.º Trimestre de 2024,110659,Campo de Ourique,0012234,1A0110659,Campo de Ourique,H1,Total,4956
3.º Trimestre de 2024,110660,Estrela,0012234,1A0110660,Estrela,H1,Total,5663
3.º Trimestre de 2024,110661,Misericórdia,0012234,1A0110661,Misericórdia,H1,Total,5208
3.º Trimestre de 2024,110662,Parque das Nações,0012234,1A0110662,Parque das Nações,H1,Total,5080
3.º Trimestre de 2024,110663,Penha de França,0012234,1A0110663,Penha de França,H1,Total,3577
3.º Trimestre de 2024,110664,Santa Clara,0012234,1A0110664,Santa Clara,H1,Total,3287
3.º Trimestre de 2024,110665,Santa Maria Maior,0012234,1A0110665,Santa Maria Maior,H1,Total,5350
3.º Trimestre de 2024,110666,Santo António,0012234,1A0110666,Santo António,H1,Total,5985
3.º Trimestre de 2024,110667,São Vicente,0012234,1A0110667,São Vicente,H1,Total,4493
4.º Trimestre de 2024,110601,Ajuda,0012234,1A0110601,Ajuda,H1,Total,4082
4.º Trimestre de 2024,110602,Alcântara,0012234,1A0110602,Alcântara,H1,Total,4363
4.º Trimestre de 2024,110607,Beato,0012234,1A0110607,Beato,H1,Total,3982
4.º Trimestre de 2024,110608,Benfica,0012234,1A0110608,Benfica,H1,Total,3971
4.º Trimestre de 2024,110610,Campolide,0012234,1A0110610,Campolide,H1,Total,4773
4.º Trimestre de 2024,110611,Carnide,0012234,1A0110611,Carnide,H1,Total,4197
4.º Trimestre de 2024,110618,Lumiar,0012234,1A0110618,Lumiar,H1,Total,3885
4.º Trimestre de 2024,110621,Marvila,0012234,1A0110621,Marvila,H1,Total,5623
4.º Trimestre de 2024,110633,Olivais,0012234,1A0110633,Olivais,H1,Total,3523
4.º Trimestre de 2024,110639,São Domingos de Benfica,0012234,1A0110639,São Domingos de Benfica,H1,Total,4198
4.º Trimestre de 2024,110654,Alvalade,0012234,1A0110654,Alvalade,H1,Total,4647
4.º Trimestre de 2024,110655,Areeiro,0012234,1A0110655,Areeiro,H1,Total,4853
4.º Trimestre de 2024,110656,Arroios,0012234,1A0110656,Arroios,H1,Total,4271
4.º Trimestre de 2024,110657,Avenidas Novas,0012234,1A0110657,Avenidas Novas,H1,Total,4680
4.º Trimestre de 2024,110658,Belém,0012234,1A0110658,Belém,H1,Total,4917
4.º Trimestre de 2024,110659,Campo de Ourique,0012234,1A0110659,Campo de Ourique,H1,Total,5204
4.º Trimestre de 2024,110660,Estrela,0012234,1A0110660,Estrela,H1,Total,5474
4.º Trimestre de 2024,110661,Misericórdia,0012234,1A0110661,Misericórdia,H1,Total,5405
4.º Trimestre de 2024,110662,Parque das Nações,0012234,1A0110662,Parque das Nações,H1,Total,5171
4.º Trimestre de 2024,110663,Penha de França,0012234,1A0110663,Penha de França,H1,Total,3649
4.º Trimestre de 2024,110664,Santa Clara,0012234,1A0110664,Santa Clara,H1,Total,3416
4.º Trimestre de 2024,110665,Santa Maria Maior,0012234,1A0110665,Santa Maria Maior,H1,Total,5200
4.º Trimestre de 2024,110666,Santo António,0012234,1A0110666,Santo António,H1,Total,5879
4.º Trimestre de 2024,110667,São Vicente,0012234,1A0110667,São Vicente,H1,Total,4638
1.º Trimestre de 2025,110601,Ajuda,0012234,1A0110601,Ajuda,H1,Total,4167
1.º Trimestre de 2025,110602,Alcântara,0012234,1A0110602,Alcântara,H1,Total,4538
1.º Trimestre de 2025,110607,Beato,0012234,1A0110607,Beato,H1,Total,4214
1.º Trimestre de 2025,110608,Benfica,0012234,1A0110608,Benfica,H1,Total,4016
1.º Trimestre de 2025,110610,Campolide,0012234,1A0110610,Campolide,H1,Total,5021
1.º Trimestre de 2025,110611,Carnide,0012234,1A0110611,Carnide,H1,Total,4294
1.º Trimestre de 2025,110618,Lumiar,0012234,1A0110618,Lumiar,H1,Total,3975
1.º Trimestre de 2025,110621,Marvila,0012234,1A0110621,Marvila,H1,Total,5027
1.º Trimestre de 2025,110633,Olivais,0012234,1A0110633,Olivais,H1,Total,3700
1.º Trimestre de 2025,110639,São Domingos de Benfica,0012234,1A0110639,São Domingos de Benfica,H1,Total,4324
1.º Trimestre de 2025,110654,Alvalade,0012234,1A0110654,Alvalade,H1,Total,4830
1.º Trimestre de 2025,110655,Areeiro,0012234,1A0110655,Areeiro,H1,Total,4692
1.º Trimestre de 2025,110656,Arroios,0012234,1A0110656,Arroios,H1,Total,4189
1.º Trimestre de 2025,110657,Avenidas Novas,0012234,1A0110657,Avenidas Novas,H1,Total,4961
1.º Trimestre de 2025,110658,Belém,0012234,1A0110658,Belém,H1,Total,4820
1.º Trimestre de 2025,110659,Campo de Ourique,0012234,1A0110659,Campo de Ourique,H1,Total,5357
1.º Trimestre de 2025,110660,Estrela,0012234,1A0110660,Estrela,H1,Total,5482
1.º Trimestre de 2025,110661,Misericórdia,0012234,1A0110661,Misericórdia,H1,Total,5333
1.º Trimestre de 2025,110662,Parque das Nações,0012234,1A0110662,Parque das Nações,H1,Total,5226
1.º Trimestre de 2025,110663,Penha de França,0012234,1A0110663,Penha de França,H1,Total,3746
1.º Trimestre de 2025,110664,Santa Clara,0012234,1A0110664,Santa Clara,H1,Total,3475
1.º Trimestre de 2025,110665,Santa Maria Maior,0012234,1A0110665,Santa Maria Maior,H1,Total,5023
1.º Trimestre de 2025,110666,Santo António,0012234,1A0110666,Santo António,H1,Total,5958
1.º Trimestre de 2025,110667,São Vicente,0012234,1A0110667,São Vicente,H1,Total,4620
2.º Trimestre de 2025,110601,Ajuda,0012234,1A0110601,Ajuda,H1,Total,4321
2.º Trimestre de 2025,110602,Alcântara,0012234,1A0110602,Alcântara,H1,Total,4631
2.º Trimestre de 2025,110607,Beato,0012234,1A0110607,Beato,H1,Total,4229
2.º Trimestre de 2025,110608,Benfica,0012234,1A0110608,Benfica,H1,Total,4155
2.º Trimestre de 2025,110610,Campolide,0012234,1A0110610,Campolide,H1,Total,5143
2.º Trimestre de 2025,110611,Carnide,0012234,1A0110611,Carnide,H1,Total,4451
2.º Trimestre de 2025,110618,Lumiar,0012234,1A0110618,Lumiar,H1,Total,4135
2.º Trimestre de 2025,110621,Marvila,0012234,1A0110621,Marvila,H1,Total,5025
2.º Trimestre de 2025,110633,Olivais,0012234,1A0110633,Olivais,H1,Total,3879
2.º Trimestre de 2025,110639,São Domingos de Benfica,0012234,1A0110639,São Domingos de Benfica,H1,Total,4486
2.º Trimestre de 2025,110654,Alvalade,0012234,1A0110654,Alvalade,H1,Total,4888
2.º Trimestre de 2025,110655,Areeiro,0012234,1A0110655,Areeiro,H1,Total,4338
2.º Trimestre de 2025,110656,Arroios,0012234,1A0110656,Arroios,H1,Total,4216
2.º Trimestre de 2025,110657,Avenidas Novas,0012234,1A0110657,Avenidas Novas,H1,Total,4961
2.º Trimestre de 2025,110658,Belém,0012234,1A0110658,Belém,H1,Total,4793
2.º Trimestre de 2025,110659,Campo de Ourique,0012234,1A0110659,Campo de Ourique,H1,Total,5528
2.º Trimestre de 2025,110660,Estrela,0012234,1A0110660,Estrela,H1,Total,5487
2.º Trimestre de 2025,110661,Misericórdia,0012234,1A0110661,Misericórdia,H1,Total,5340
2.º Trimestre de 2025,110662,Parque das Nações,0012234,1A0110662,Parque das Nações,H1,Total,5840
2.º Trimestre de 2025,110663,Penha de França,0012234,1A0110663,Penha de França,H1,Total,3867
2.º Trimestre de 2025,110664,Santa Clara,0012234,1A0110664,Santa Clara,H1,Total,3450
2.º Trimestre de 2025,110665,Santa Maria Maior,0012234,1A0110665,Santa Maria Maior,H1,Total,4888
2.º Trimestre de 2025,110666,Santo António,0012234,1A0110666,Santo António,H1,Total,6031
2.º Trimestre de 2025,110667,São Vicente,0012234,1A0110667,São Vicente,H1,Total,4852
3.º Trimestre de 2025,110601,Ajuda,0012234,1A0110601,Ajuda,H1,Total,4583
3.º Trimestre de 2025,110602,Alcântara,0012234,1A0110602,Alcântara,H1,Total,4679
3.º Trimestre de 2025,110607,Beato,0012234,1A0110607,Beato,H1,Total,4348
3.º Trimestre de 2025,110608,Benfica,0012234,1A0110608,Benfica,H1,Total,4222
3.º Trimestre de 2025,110610,Campolide,0012234,1A0110610,Campolide,H1,Total,5200
3.º Trimestre de 2025,110611,Carnide,0012234,1A0110611,Carnide,H1,Total,4451
3.º Trimestre de 2025,110618,Lumiar,0012234,1A0110618,Lumiar,H1,Total,4356
3.º Trimestre de 2025,110621,Marvila,0012234,1A0110621,Marvila,H1,Total,5000
3.º Trimestre de 2025,110633,Olivais,0012234,1A0110633,Olivais,H1,Total,4118
3.º Trimestre de 2025,110639,São Domingos de Benfica,0012234,1A0110639,São Domingos de Benfica,H1,Total,4709
3.º Trimestre de 2025,110654,Alvalade,0012234,1A0110654,Alvalade,H1,Total,4846
3.º Trimestre de 2025,110655,Areeiro,0012234,1A0110655,Areeiro,H1,Total,4286
3.º Trimestre de 2025,110656,Arroios,0012234,1A0110656,Arroios,H1,Total,4344
3.º Trimestre de 2025,110657,Avenidas Novas,0012234,1A0110657,Avenidas Novas,H1,Total,5402
3.º Trimestre de 2025,110658,Belém,0012234,1A0110658,Belém,H1,Total,4842
3.º Trimestre de 2025,110659,Campo de Ourique,0012234,1A0110659,Campo de Ourique,H1,Total,5571
3.º Trimestre de 2025,110660,Estrela,0012234,1A0110660,Estrela,H1,Total,5365
3.º Trimestre de 2025,110661,Misericórdia,0012234,1A0110661,Misericórdia,H1,Total,5471
3.º Trimestre de 2025,110662,Parque das Nações,0012234,1A0110662,Parque das Nações,H1,Total,6053
3.º Trimestre de 2025,110663,Penha de França,0012234,1A0110663,Penha de França,H1,Total,4054
3.º Trimestre de 2025,110664,Santa Clara,0012234,1A0110664,Santa Clara,H1,Total,3591
3.º Trimestre de 2025,110665,Santa Maria Maior,0012234,1A0110665,Santa Maria Maior,H1,Total,4844
3.º Trimestre de 2025,110666,Santo António,0012234,1A0110666,Santo António,H1,Total,6429
3.º Trimestre de 2025,110667,São Vicente,0012234,1A0110667,São Vicente,H1,Total,4675
4.º Trimestre de 2025,110601,Ajuda,0012234,1A0110601,Ajuda,H1,Total,4874
4.º Trimestre de 2025,110602,Alcântara,0012234,1A0110602,Alcântara,H1,Total,4658
4.º Trimestre de 2025,110607,Beato,0012234,1A0110607,Beato,H1,Total,4348
4.º Trimestre de 2025,110608,Benfica,0012234,1A0110608,Benfica,H1,Total,4392
4.º Trimestre de 2025,110610,Campolide,0012234,1A0110610,Campolide,H1,Total,5346
4.º Trimestre de 2025,110611,Carnide,0012234,1A0110611,Carnide,H1,Total,4436
4.º Trimestre de 2025,110618,Lumiar,0012234,1A0110618,Lumiar,H1,Total,4548
4.º Trimestre de 2025,110621,Marvila,0012234,1A0110621,Marvila,H1,Total,5029
4.º Trimestre de 2025,110633,Olivais,0012234,1A0110633,Olivais,H1,Total,4238
4.º Trimestre de 2025,110639,São Domingos de Benfica,0012234,1A0110639,São Domingos de Benfica,H1,Total,4883
4.º Trimestre de 2025,110654,Alvalade,0012234,1A0110654,Alvalade,H1,Total,4922
4.º Trimestre de 2025,110655,Areeiro,0012234,1A0110655,Areeiro,H1,Total,4552
4.º Trimestre de 2025,110656,Arroios,0012234,1A0110656,Arroios,H1,Total,4523
4.º Trimestre de 2025,110657,Avenidas Novas,0012234,1A0110657,Avenidas Novas,H1,Total,5465
4.º Trimestre de 2025,110658,Belém,0012234,1A0110658,Belém,H1,Total,5156
4.º Trimestre de 2025,110659,Campo de Ourique,0012234,1A0110659,Campo de Ourique,H1,Total,5890
4.º Trimestre de 2025,110660,Estrela,0012234,1A0110660,Estrela,H1,Total,5629
4.º Trimestre de 2025,110661,Misericórdia,0012234,1A0110661,Misericórdia,H1,Total,5569
4.º Trimestre de 2025,110662,Parque das Nações,0012234,1A0110662,Parque das Nações,H1,Total,6317
4.º Trimestre de 2025,110663,Penha de França,0012234,1A0110663,Penha de França,H1,Total,4282
4.º Trimestre de 2025,110664,Santa Clara,0012234,1A0110664,Santa Clara,H1,Total,3727
4.º Trimestre de 2025,110665,Santa Maria Maior,0012234,1A0110665,Santa Maria Maior,H1,Total,5000
4.º Trimestre de 2025,110666,Santo António,0012234,1A0110666,Santo António,H1,Total,6819
4.º Trimestre de 2025,110667,São Vicente,0012234,1A0110667,São Vicente,H1,Total,4787
1.º Trimestre de 2026,110601,Ajuda,0012234,1A0110601,Ajuda,H1,Total,5161
1.º Trimestre de 2026,110602,Alcântara,0012234,1A0110602,Alcântara,H1,Total,4938
1.º Trimestre de 2026,110607,Beato,0012234,1A0110607,Beato,H1,Total,4600
1.º Trimestre de 2026,110608,Benfica,0012234,1A0110608,Benfica,H1,Total,4631
1.º Trimestre de 2026,110610,Campolide,0012234,1A0110610,Campolide,H1,Total,5486
1.º Trimestre de 2026,110611,Carnide,0012234,1A0110611,Carnide,H1,Total,4553
1.º Trimestre de 2026,110618,Lumiar,0012234,1A0110618,Lumiar,H1,Total,4670
1.º Trimestre de 2026,110621,Marvila,0012234,1A0110621,Marvila,H1,Total,5008
1.º Trimestre de 2026,110633,Olivais,0012234,1A0110633,Olivais,H1,Total,4296
1.º Trimestre de 2026,110639,São Domingos de Benfica,0012234,1A0110639,São Domingos de Benfica,H1,Total,5182
1.º Trimestre de 2026,110654,Alvalade,0012234,1A0110654,Alvalade,H1,Total,5041
1.º Trimestre de 2026,110655,Areeiro,0012234,1A0110655,Areeiro,H1,Total,4963
1.º Trimestre de 2026,110656,Arroios,0012234,1A0110656,Arroios,H1,Total,4776
1.º Trimestre de 2026,110657,Avenidas Novas,0012234,1A0110657,Avenidas Novas,H1,Total,6000
1.º Trimestre de 2026,110658,Belém,0012234,1A0110658,Belém,H1,Total,5498
1.º Trimestre de 2026,110659,Campo de Ourique,0012234,1A0110659,Campo de Ourique,H1,Total,5979
1.º Trimestre de 2026,110660,Estrela,0012234,1A0110660,Estrela,H1,Total,5833
1.º Trimestre de 2026,110661,Misericórdia,0012234,1A0110661,Misericórdia,H1,Total,5913
1.º Trimestre de 2026,110662,Parque das Nações,0012234,1A0110662,Parque das Nações,H1,Total,6407
1.º Trimestre de 2026,110663,Penha de França,0012234,1A0110663,Penha de França,H1,Total,4465
1.º Trimestre de 2026,110664,Santa Clara,0012234,1A0110664,Santa Clara,H1,Total,3733
1.º Trimestre de 2026,110665,Santa Maria Maior,0012234,1A0110665,Santa Maria Maior,H1,Total,5000
1.º Trimestre de 2026,110666,Santo António,0012234,1A0110666,Santo António,H1,Total,6986
1.º Trimestre de 2026,110667,São Vicente,0012234,1A0110667,São Vicente,H1,Total,4954
