freguesia_id,freguesia_name,snapshot_records,cessation_dates_present,registrations_before_2000
110601,Ajuda,181,0,0
110602,Alcântara,233,0,0
110607,Beato,96,0,0
110608,Benfica,55,0,0
110610,Campolide,127,0,0
110611,Carnide,33,0,0
110618,Lumiar,89,0,0
110621,Marvila,74,0,0
110633,Olivais,115,0,0
110639,São Domingos de Benfica,91,0,0
110654,Alvalade,153,0,0
110655,Areeiro,154,0,0
110656,Arroios,1199,0,1
110657,Avenidas Novas,343,0,0
110658,Belém,203,0,0
110659,Campo de Ourique,283,0,0
110660,Estrela,744,0,1
110661,Misericórdia,2174,0,2
110662,Parque das Nações,196,0,0
110663,Penha de França,319,0,0
110664,Santa Clara,10,0,0
110665,Santa Maria Maior,3142,0,0
110666,Santo António,922,0,3
110667,São Vicente,929,0,0
