analysis,metric,value
housing_2019q1_2026q1,freguesia_count,24
housing_2019q1_2026q1,median_change_pct,66.290782
housing_2019q1_2026q1,mean_change_pct,65.371343
housing_2019q1_2026q1,min_change_pct,12.334307
housing_2019q1_2026q1,max_change_pct,105.540661
rnal_weighted_2019_2022,source_published_total_2019,22941
rnal_weighted_2019_2022,displayed_parish_sum_2019,22940
rnal_weighted_2019_2022,source_published_total_2022,24080
rnal_weighted_2019_2022,displayed_parish_sum_2022,24080
rnal_weighted_2019_2022,displayed_parish_change_abs,1140
rnal_weighted_2019_2022,parishes_increase,20
rnal_weighted_2019_2022,parishes_decrease,4
aligned_2018_cross_section,pearson_r,0.637846443
aligned_2018_cross_section,pearson_p,0.000798851550
aligned_2018_cross_section,spearman_rho,0.795563364
aligned_2018_cross_section,spearman_p,0.000003369024
al_pressure_population_2021,pearson_r,-0.762499154
al_pressure_population_2021,pearson_p,0.000014827036
al_pressure_population_2021,spearman_rho,-0.209895878
al_pressure_population_2021,spearman_p,0.324915912954
