year,period_code,freguesia_id,freguesia_name,indicator_code,source_geography_code,category_code,category_name,value_eur_m2,source_flag,source_flag_description
2019,4.º Trimestre de 2019,110601,Ajuda,0012234,1A0110601,H1,Total,3323,,
2019,4.º Trimestre de 2019,110601,Ajuda,0012234,1A0110601,H11,Novos,,-,Dado nulo ou não aplicável
2019,4.º Trimestre de 2019,110601,Ajuda,0012234,1A0110601,H12,Existentes,3323,,
2019,4.º Trimestre de 2019,110602,Alcântara,0012234,1A0110602,H1,Total,3107,,
2019,4.º Trimestre de 2019,110602,Alcântara,0012234,1A0110602,H11,Novos,,-,Dado nulo ou não aplicável
2019,4.º Trimestre de 2019,110602,Alcântara,0012234,1A0110602,H12,Existentes,3087,,
2019,4.º Trimestre de 2019,110607,Beato,0012234,1A0110607,H1,Total,2325,,
2019,4.º Trimestre de 2019,110607,Beato,0012234,1A0110607,H11,Novos,,-,Dado nulo ou não aplicável
2019,4.º Trimestre de 2019,110607,Beato,0012234,1A0110607,H12,Existentes,2298,,
2019,4.º Trimestre de 2019,110608,Benfica,0012234,1A0110608,H1,Total,2713,,
2019,4.º Trimestre de 2019,110608,Benfica,0012234,1A0110608,H11,Novos,,-,Dado nulo ou não aplicável
2019,4.º Trimestre de 2019,110608,Benfica,0012234,1A0110608,H12,Existentes,2707,,
2019,4.º Trimestre de 2019,110610,Campolide,0012234,1A0110610,H1,Total,3079,,
2019,4.º Trimestre de 2019,110610,Campolide,0012234,1A0110610,H11,Novos,4147,,
2019,4.º Trimestre de 2019,110610,Campolide,0012234,1A0110610,H12,Existentes,3000,,
2019,4.º Trimestre de 2019,110611,Carnide,0012234,1A0110611,H1,Total,2911,,
2019,4.º Trimestre de 2019,110611,Carnide,0012234,1A0110611,H11,Novos,1646,,
2019,4.º Trimestre de 2019,110611,Carnide,0012234,1A0110611,H12,Existentes,3087,,
2019,4.º Trimestre de 2019,110618,Lumiar,0012234,1A0110618,H1,Total,2744,,
2019,4.º Trimestre de 2019,110618,Lumiar,0012234,1A0110618,H11,Novos,1910,,
2019,4.º Trimestre de 2019,110618,Lumiar,0012234,1A0110618,H12,Existentes,2898,,
2019,4.º Trimestre de 2019,110621,Marvila,0012234,1A0110621,H1,Total,2797,,
2019,4.º Trimestre de 2019,110621,Marvila,0012234,1A0110621,H11,Novos,2907,,
2019,4.º Trimestre de 2019,110621,Marvila,0012234,1A0110621,H12,Existentes,2633,,
2019,4.º Trimestre de 2019,110633,Olivais,0012234,1A0110633,H1,Total,2480,,
2019,4.º Trimestre de 2019,110633,Olivais,0012234,1A0110633,H11,Novos,,-,Dado nulo ou não aplicável
2019,4.º Trimestre de 2019,110633,Olivais,0012234,1A0110633,H12,Existentes,2410,,
2019,4.º Trimestre de 2019,110639,São Domingos de Benfica,0012234,1A0110639,H1,Total,3321,,
2019,4.º Trimestre de 2019,110639,São Domingos de Benfica,0012234,1A0110639,H11,Novos,4015,,
2019,4.º Trimestre de 2019,110639,São Domingos de Benfica,0012234,1A0110639,H12,Existentes,3108,,
2019,4.º Trimestre de 2019,110654,Alvalade,0012234,1A0110654,H1,Total,3571,,
2019,4.º Trimestre de 2019,110654,Alvalade,0012234,1A0110654,H11,Novos,,-,Dado nulo ou não aplicável
2019,4.º Trimestre de 2019,110654,Alvalade,0012234,1A0110654,H12,Existentes,3573,,
2019,4.º Trimestre de 2019,110655,Areeiro,0012234,1A0110655,H1,Total,3214,,
2019,4.º Trimestre de 2019,110655,Areeiro,0012234,1A0110655,H11,Novos,,-,Dado nulo ou não aplicável
2019,4.º Trimestre de 2019,110655,Areeiro,0012234,1A0110655,H12,Existentes,3300,,
2019,4.º Trimestre de 2019,110656,Arroios,0012234,1A0110656,H1,Total,3272,,
2019,4.º Trimestre de 2019,110656,Arroios,0012234,1A0110656,H11,Novos,3911,,
2019,4.º Trimestre de 2019,110656,Arroios,0012234,1A0110656,H12,Existentes,3182,,
2019,4.º Trimestre de 2019,110657,Avenidas Novas,0012234,1A0110657,H1,Total,4038,,
2019,4.º Trimestre de 2019,110657,Avenidas Novas,0012234,1A0110657,H11,Novos,6037,,
2019,4.º Trimestre de 2019,110657,Avenidas Novas,0012234,1A0110657,H12,Existentes,3633,,
2019,4.º Trimestre de 2019,110658,Belém,0012234,1A0110658,H1,Total,3571,,
2019,4.º Trimestre de 2019,110658,Belém,0012234,1A0110658,H11,Novos,4266,,
2019,4.º Trimestre de 2019,110658,Belém,0012234,1A0110658,H12,Existentes,3404,,
2019,4.º Trimestre de 2019,110659,Campo de Ourique,0012234,1A0110659,H1,Total,3805,,
2019,4.º Trimestre de 2019,110659,Campo de Ourique,0012234,1A0110659,H11,Novos,4796,,
2019,4.º Trimestre de 2019,110659,Campo de Ourique,0012234,1A0110659,H12,Existentes,3670,,
2019,4.º Trimestre de 2019,110660,Estrela,0012234,1A0110660,H1,Total,3895,,
2019,4.º Trimestre de 2019,110660,Estrela,0012234,1A0110660,H11,Novos,4307,,
2019,4.º Trimestre de 2019,110660,Estrela,0012234,1A0110660,H12,Existentes,3830,,
2019,4.º Trimestre de 2019,110661,Misericórdia,0012234,1A0110661,H1,Total,4933,,
2019,4.º Trimestre de 2019,110661,Misericórdia,0012234,1A0110661,H11,Novos,5940,,
2019,4.º Trimestre de 2019,110661,Misericórdia,0012234,1A0110661,H12,Existentes,4300,,
2019,4.º Trimestre de 2019,110662,Parque das Nações,0012234,1A0110662,H1,Total,4152,,
2019,4.º Trimestre de 2019,110662,Parque das Nações,0012234,1A0110662,H11,Novos,4255,,
2019,4.º Trimestre de 2019,110662,Parque das Nações,0012234,1A0110662,H12,Existentes,4145,,
2019,4.º Trimestre de 2019,110663,Penha de França,0012234,1A0110663,H1,Total,2893,,
2019,4.º Trimestre de 2019,110663,Penha de França,0012234,1A0110663,H11,Novos,3606,,
2019,4.º Trimestre de 2019,110663,Penha de França,0012234,1A0110663,H12,Existentes,2829,,
2019,4.º Trimestre de 2019,110664,Santa Clara,0012234,1A0110664,H1,Total,2435,,
2019,4.º Trimestre de 2019,110664,Santa Clara,0012234,1A0110664,H11,Novos,,-,Dado nulo ou não aplicável
2019,4.º Trimestre de 2019,110664,Santa Clara,0012234,1A0110664,H12,Existentes,2458,,
2019,4.º Trimestre de 2019,110665,Santa Maria Maior,0012234,1A0110665,H1,Total,4755,,
2019,4.º Trimestre de 2019,110665,Santa Maria Maior,0012234,1A0110665,H11,Novos,5270,,
2019,4.º Trimestre de 2019,110665,Santa Maria Maior,0012234,1A0110665,H12,Existentes,4137,,
2019,4.º Trimestre de 2019,110666,Santo António,0012234,1A0110666,H1,Total,5140,,
2019,4.º Trimestre de 2019,110666,Santo António,0012234,1A0110666,H11,Novos,6031,,
2019,4.º Trimestre de 2019,110666,Santo António,0012234,1A0110666,H12,Existentes,4566,,
2019,4.º Trimestre de 2019,110667,São Vicente,0012234,1A0110667,H1,Total,3447,,
2019,4.º Trimestre de 2019,110667,São Vicente,0012234,1A0110667,H11,Novos,4406,,
2019,4.º Trimestre de 2019,110667,São Vicente,0012234,1A0110667,H12,Existentes,3365,,
2020,4.º Trimestre de 2020,110601,Ajuda,0012234,1A0110601,H1,Total,3063,,
2020,4.º Trimestre de 2020,110601,Ajuda,0012234,1A0110601,H11,Novos,,-,Dado nulo ou não aplicável
2020,4.º Trimestre de 2020,110601,Ajuda,0012234,1A0110601,H12,Existentes,3027,,
2020,4.º Trimestre de 2020,110602,Alcântara,0012234,1A0110602,H1,Total,3279,,
2020,4.º Trimestre de 2020,110602,Alcântara,0012234,1A0110602,H11,Novos,3455,,
2020,4.º Trimestre de 2020,110602,Alcântara,0012234,1A0110602,H12,Existentes,3188,,
2020,4.º Trimestre de 2020,110607,Beato,0012234,1A0110607,H1,Total,2478,,
2020,4.º Trimestre de 2020,110607,Beato,0012234,1A0110607,H11,Novos,,-,Dado nulo ou não aplicável
2020,4.º Trimestre de 2020,110607,Beato,0012234,1A0110607,H12,Existentes,2462,,
2020,4.º Trimestre de 2020,110608,Benfica,0012234,1A0110608,H1,Total,2758,,
2020,4.º Trimestre de 2020,110608,Benfica,0012234,1A0110608,H11,Novos,,-,Dado nulo ou não aplicável
2020,4.º Trimestre de 2020,110608,Benfica,0012234,1A0110608,H12,Existentes,2764,,
2020,4.º Trimestre de 2020,110610,Campolide,0012234,1A0110610,H1,Total,3466,,
2020,4.º Trimestre de 2020,110610,Campolide,0012234,1A0110610,H11,Novos,,-,Dado nulo ou não aplicável
2020,4.º Trimestre de 2020,110610,Campolide,0012234,1A0110610,H12,Existentes,3176,,
2020,4.º Trimestre de 2020,110611,Carnide,0012234,1A0110611,H1,Total,3324,,
2020,4.º Trimestre de 2020,110611,Carnide,0012234,1A0110611,H11,Novos,,-,Dado nulo ou não aplicável
2020,4.º Trimestre de 2020,110611,Carnide,0012234,1A0110611,H12,Existentes,3334,,
2020,4.º Trimestre de 2020,110618,Lumiar,0012234,1A0110618,H1,Total,2883,,
2020,4.º Trimestre de 2020,110618,Lumiar,0012234,1A0110618,H11,Novos,2457,,
2020,4.º Trimestre de 2020,110618,Lumiar,0012234,1A0110618,H12,Existentes,3125,,
2020,4.º Trimestre de 2020,110621,Marvila,0012234,1A0110621,H1,Total,2763,,
2020,4.º Trimestre de 2020,110621,Marvila,0012234,1A0110621,H11,Novos,,-,Dado nulo ou não aplicável
2020,4.º Trimestre de 2020,110621,Marvila,0012234,1A0110621,H12,Existentes,,-,Dado nulo ou não aplicável
2020,4.º Trimestre de 2020,110633,Olivais,0012234,1A0110633,H1,Total,2511,,
2020,4.º Trimestre de 2020,110633,Olivais,0012234,1A0110633,H11,Novos,,-,Dado nulo ou não aplicável
2020,4.º Trimestre de 2020,110633,Olivais,0012234,1A0110633,H12,Existentes,2500,,
2020,4.º Trimestre de 2020,110639,São Domingos de Benfica,0012234,1A0110639,H1,Total,3443,,
2020,4.º Trimestre de 2020,110639,São Domingos de Benfica,0012234,1A0110639,H11,Novos,4704,,
2020,4.º Trimestre de 2020,110639,São Domingos de Benfica,0012234,1A0110639,H12,Existentes,3319,,
2020,4.º Trimestre de 2020,110654,Alvalade,0012234,1A0110654,H1,Total,3563,,
2020,4.º Trimestre de 2020,110654,Alvalade,0012234,1A0110654,H11,Novos,,-,Dado nulo ou não aplicável
2020,4.º Trimestre de 2020,110654,Alvalade,0012234,1A0110654,H12,Existentes,3569,,
2020,4.º Trimestre de 2020,110655,Areeiro,0012234,1A0110655,H1,Total,3320,,
2020,4.º Trimestre de 2020,110655,Areeiro,0012234,1A0110655,H11,Novos,,-,Dado nulo ou não aplicável
2020,4.º Trimestre de 2020,110655,Areeiro,0012234,1A0110655,H12,Existentes,3303,,
2020,4.º Trimestre de 2020,110656,Arroios,0012234,1A0110656,H1,Total,3604,,
2020,4.º Trimestre de 2020,110656,Arroios,0012234,1A0110656,H11,Novos,4595,,
2020,4.º Trimestre de 2020,110656,Arroios,0012234,1A0110656,H12,Existentes,3333,,
2020,4.º Trimestre de 2020,110657,Avenidas Novas,0012234,1A0110657,H1,Total,4010,,
2020,4.º Trimestre de 2020,110657,Avenidas Novas,0012234,1A0110657,H11,Novos,5285,,
2020,4.º Trimestre de 2020,110657,Avenidas Novas,0012234,1A0110657,H12,Existentes,3592,,
2020,4.º Trimestre de 2020,110658,Belém,0012234,1A0110658,H1,Total,3853,,
2020,4.º Trimestre de 2020,110658,Belém,0012234,1A0110658,H11,Novos,,-,Dado nulo ou não aplicável
2020,4.º Trimestre de 2020,110658,Belém,0012234,1A0110658,H12,Existentes,3803,,
2020,4.º Trimestre de 2020,110659,Campo de Ourique,0012234,1A0110659,H1,Total,3622,,
2020,4.º Trimestre de 2020,110659,Campo de Ourique,0012234,1A0110659,H11,Novos,3225,,
2020,4.º Trimestre de 2020,110659,Campo de Ourique,0012234,1A0110659,H12,Existentes,3666,,
2020,4.º Trimestre de 2020,110660,Estrela,0012234,1A0110660,H1,Total,4097,,
2020,4.º Trimestre de 2020,110660,Estrela,0012234,1A0110660,H11,Novos,5486,,
2020,4.º Trimestre de 2020,110660,Estrela,0012234,1A0110660,H12,Existentes,3816,,
2020,4.º Trimestre de 2020,110661,Misericórdia,0012234,1A0110661,H1,Total,4710,,
2020,4.º Trimestre de 2020,110661,Misericórdia,0012234,1A0110661,H11,Novos,6762,,
2020,4.º Trimestre de 2020,110661,Misericórdia,0012234,1A0110661,H12,Existentes,3959,,
2020,4.º Trimestre de 2020,110662,Parque das Nações,0012234,1A0110662,H1,Total,4018,,
2020,4.º Trimestre de 2020,110662,Parque das Nações,0012234,1A0110662,H11,Novos,,-,Dado nulo ou não aplicável
2020,4.º Trimestre de 2020,110662,Parque das Nações,0012234,1A0110662,H12,Existentes,3966,,
2020,4.º Trimestre de 2020,110663,Penha de França,0012234,1A0110663,H1,Total,3033,,
2020,4.º Trimestre de 2020,110663,Penha de França,0012234,1A0110663,H11,Novos,,-,Dado nulo ou não aplicável
2020,4.º Trimestre de 2020,110663,Penha de França,0012234,1A0110663,H12,Existentes,3001,,
2020,4.º Trimestre de 2020,110664,Santa Clara,0012234,1A0110664,H1,Total,2259,,
2020,4.º Trimestre de 2020,110664,Santa Clara,0012234,1A0110664,H11,Novos,,-,Dado nulo ou não aplicável
2020,4.º Trimestre de 2020,110664,Santa Clara,0012234,1A0110664,H12,Existentes,2238,,
2020,4.º Trimestre de 2020,110665,Santa Maria Maior,0012234,1A0110665,H1,Total,5682,,
2020,4.º Trimestre de 2020,110665,Santa Maria Maior,0012234,1A0110665,H11,Novos,7980,,
2020,4.º Trimestre de 2020,110665,Santa Maria Maior,0012234,1A0110665,H12,Existentes,4167,,
2020,4.º Trimestre de 2020,110666,Santo António,0012234,1A0110666,H1,Total,5503,,
2020,4.º Trimestre de 2020,110666,Santo António,0012234,1A0110666,H11,Novos,6033,,
2020,4.º Trimestre de 2020,110666,Santo António,0012234,1A0110666,H12,Existentes,4467,,
2020,4.º Trimestre de 2020,110667,São Vicente,0012234,1A0110667,H1,Total,3506,,
2020,4.º Trimestre de 2020,110667,São Vicente,0012234,1A0110667,H11,Novos,4459,,
2020,4.º Trimestre de 2020,110667,São Vicente,0012234,1A0110667,H12,Existentes,3300,,
2021,4.º Trimestre de 2021,110601,Ajuda,0012234,1A0110601,H1,Total,3333,,
2021,4.º Trimestre de 2021,110601,Ajuda,0012234,1A0110601,H11,Novos,,-,Dado nulo ou não aplicável
2021,4.º Trimestre de 2021,110601,Ajuda,0012234,1A0110601,H12,Existentes,3280,,
2021,4.º Trimestre de 2021,110602,Alcântara,0012234,1A0110602,H1,Total,3309,,
2021,4.º Trimestre de 2021,110602,Alcântara,0012234,1A0110602,H11,Novos,,-,Dado nulo ou não aplicável
2021,4.º Trimestre de 2021,110602,Alcântara,0012234,1A0110602,H12,Existentes,3289,,
2021,4.º Trimestre de 2021,110607,Beato,0012234,1A0110607,H1,Total,2762,,
2021,4.º Trimestre de 2021,110607,Beato,0012234,1A0110607,H11,Novos,,-,Dado nulo ou não aplicável
2021,4.º Trimestre de 2021,110607,Beato,0012234,1A0110607,H12,Existentes,2646,,
2021,4.º Trimestre de 2021,110608,Benfica,0012234,1A0110608,H1,Total,2897,,
2021,4.º Trimestre de 2021,110608,Benfica,0012234,1A0110608,H11,Novos,,-,Dado nulo ou não aplicável
2021,4.º Trimestre de 2021,110608,Benfica,0012234,1A0110608,H12,Existentes,2941,,
2021,4.º Trimestre de 2021,110610,Campolide,0012234,1A0110610,H1,Total,3374,,
2021,4.º Trimestre de 2021,110610,Campolide,0012234,1A0110610,H11,Novos,,-,Dado nulo ou não aplicável
2021,4.º Trimestre de 2021,110610,Campolide,0012234,1A0110610,H12,Existentes,3374,,
2021,4.º Trimestre de 2021,110611,Carnide,0012234,1A0110611,H1,Total,3490,,
2021,4.º Trimestre de 2021,110611,Carnide,0012234,1A0110611,H11,Novos,,-,Dado nulo ou não aplicável
2021,4.º Trimestre de 2021,110611,Carnide,0012234,1A0110611,H12,Existentes,3492,,
2021,4.º Trimestre de 2021,110618,Lumiar,0012234,1A0110618,H1,Total,3211,,
2021,4.º Trimestre de 2021,110618,Lumiar,0012234,1A0110618,H11,Novos,3160,,
2021,4.º Trimestre de 2021,110618,Lumiar,0012234,1A0110618,H12,Existentes,3215,,
2021,4.º Trimestre de 2021,110621,Marvila,0012234,1A0110621,H1,Total,3335,,
2021,4.º Trimestre de 2021,110621,Marvila,0012234,1A0110621,H11,Novos,5530,,
2021,4.º Trimestre de 2021,110621,Marvila,0012234,1A0110621,H12,Existentes,2982,,
2021,4.º Trimestre de 2021,110633,Olivais,0012234,1A0110633,H1,Total,2805,,
2021,4.º Trimestre de 2021,110633,Olivais,0012234,1A0110633,H11,Novos,3697,,
2021,4.º Trimestre de 2021,110633,Olivais,0012234,1A0110633,H12,Existentes,2712,,
2021,4.º Trimestre de 2021,110639,São Domingos de Benfica,0012234,1A0110639,H1,Total,3362,,
2021,4.º Trimestre de 2021,110639,São Domingos de Benfica,0012234,1A0110639,H11,Novos,,-,Dado nulo ou não aplicável
2021,4.º Trimestre de 2021,110639,São Domingos de Benfica,0012234,1A0110639,H12,Existentes,3276,,
2021,4.º Trimestre de 2021,110654,Alvalade,0012234,1A0110654,H1,Total,3808,,
2021,4.º Trimestre de 2021,110654,Alvalade,0012234,1A0110654,H11,Novos,,-,Dado nulo ou não aplicável
2021,4.º Trimestre de 2021,110654,Alvalade,0012234,1A0110654,H12,Existentes,3804,,
2021,4.º Trimestre de 2021,110655,Areeiro,0012234,1A0110655,H1,Total,3500,,
2021,4.º Trimestre de 2021,110655,Areeiro,0012234,1A0110655,H11,Novos,,-,Dado nulo ou não aplicável
2021,4.º Trimestre de 2021,110655,Areeiro,0012234,1A0110655,H12,Existentes,3535,,
2021,4.º Trimestre de 2021,110656,Arroios,0012234,1A0110656,H1,Total,3450,,
2021,4.º Trimestre de 2021,110656,Arroios,0012234,1A0110656,H11,Novos,4039,,
2021,4.º Trimestre de 2021,110656,Arroios,0012234,1A0110656,H12,Existentes,3399,,
2021,4.º Trimestre de 2021,110657,Avenidas Novas,0012234,1A0110657,H1,Total,4243,,
2021,4.º Trimestre de 2021,110657,Avenidas Novas,0012234,1A0110657,H11,Novos,6361,,
2021,4.º Trimestre de 2021,110657,Avenidas Novas,0012234,1A0110657,H12,Existentes,3962,,
2021,4.º Trimestre de 2021,110658,Belém,0012234,1A0110658,H1,Total,3824,,
2021,4.º Trimestre de 2021,110658,Belém,0012234,1A0110658,H11,Novos,,-,Dado nulo ou não aplicável
2021,4.º Trimestre de 2021,110658,Belém,0012234,1A0110658,H12,Existentes,3774,,
2021,4.º Trimestre de 2021,110659,Campo de Ourique,0012234,1A0110659,H1,Total,3988,,
2021,4.º Trimestre de 2021,110659,Campo de Ourique,0012234,1A0110659,H11,Novos,4561,,
2021,4.º Trimestre de 2021,110659,Campo de Ourique,0012234,1A0110659,H12,Existentes,3864,,
2021,4.º Trimestre de 2021,110660,Estrela,0012234,1A0110660,H1,Total,4061,,
2021,4.º Trimestre de 2021,110660,Estrela,0012234,1A0110660,H11,Novos,2674,,
2021,4.º Trimestre de 2021,110660,Estrela,0012234,1A0110660,H12,Existentes,4077,,
2021,4.º Trimestre de 2021,110661,Misericórdia,0012234,1A0110661,H1,Total,4375,,
2021,4.º Trimestre de 2021,110661,Misericórdia,0012234,1A0110661,H11,Novos,6581,,
2021,4.º Trimestre de 2021,110661,Misericórdia,0012234,1A0110661,H12,Existentes,4040,,
2021,4.º Trimestre de 2021,110662,Parque das Nações,0012234,1A0110662,H1,Total,4431,,
2021,4.º Trimestre de 2021,110662,Parque das Nações,0012234,1A0110662,H11,Novos,4971,,
2021,4.º Trimestre de 2021,110662,Parque das Nações,0012234,1A0110662,H12,Existentes,4229,,
2021,4.º Trimestre de 2021,110663,Penha de França,0012234,1A0110663,H1,Total,3156,,
2021,4.º Trimestre de 2021,110663,Penha de França,0012234,1A0110663,H11,Novos,,-,Dado nulo ou não aplicável
2021,4.º Trimestre de 2021,110663,Penha de França,0012234,1A0110663,H12,Existentes,3142,,
2021,4.º Trimestre de 2021,110664,Santa Clara,0012234,1A0110664,H1,Total,2501,,
2021,4.º Trimestre de 2021,110664,Santa Clara,0012234,1A0110664,H11,Novos,,-,Dado nulo ou não aplicável
2021,4.º Trimestre de 2021,110664,Santa Clara,0012234,1A0110664,H12,Existentes,2457,,
2021,4.º Trimestre de 2021,110665,Santa Maria Maior,0012234,1A0110665,H1,Total,4157,,
2021,4.º Trimestre de 2021,110665,Santa Maria Maior,0012234,1A0110665,H11,Novos,5752,,
2021,4.º Trimestre de 2021,110665,Santa Maria Maior,0012234,1A0110665,H12,Existentes,4109,,
2021,4.º Trimestre de 2021,110666,Santo António,0012234,1A0110666,H1,Total,5435,,
2021,4.º Trimestre de 2021,110666,Santo António,0012234,1A0110666,H11,Novos,6787,,
2021,4.º Trimestre de 2021,110666,Santo António,0012234,1A0110666,H12,Existentes,4722,,
2021,4.º Trimestre de 2021,110667,São Vicente,0012234,1A0110667,H1,Total,3409,,
2021,4.º Trimestre de 2021,110667,São Vicente,0012234,1A0110667,H11,Novos,,-,Dado nulo ou não aplicável
2021,4.º Trimestre de 2021,110667,São Vicente,0012234,1A0110667,H12,Existentes,3375,,
2022,4.º Trimestre de 2022,110601,Ajuda,0012234,1A0110601,H1,Total,4068,,
2022,4.º Trimestre de 2022,110601,Ajuda,0012234,1A0110601,H11,Novos,6952,,
2022,4.º Trimestre de 2022,110601,Ajuda,0012234,1A0110601,H12,Existentes,3611,,
2022,4.º Trimestre de 2022,110602,Alcântara,0012234,1A0110602,H1,Total,3732,,
2022,4.º Trimestre de 2022,110602,Alcântara,0012234,1A0110602,H11,Novos,,-,Dado nulo ou não aplicável
2022,4.º Trimestre de 2022,110602,Alcântara,0012234,1A0110602,H12,Existentes,3667,,
2022,4.º Trimestre de 2022,110607,Beato,0012234,1A0110607,H1,Total,3009,,
2022,4.º Trimestre de 2022,110607,Beato,0012234,1A0110607,H11,Novos,,-,Dado nulo ou não aplicável
2022,4.º Trimestre de 2022,110607,Beato,0012234,1A0110607,H12,Existentes,2914,,
2022,4.º Trimestre de 2022,110608,Benfica,0012234,1A0110608,H1,Total,3288,,
2022,4.º Trimestre de 2022,110608,Benfica,0012234,1A0110608,H11,Novos,,-,Dado nulo ou não aplicável
2022,4.º Trimestre de 2022,110608,Benfica,0012234,1A0110608,H12,Existentes,3290,,
2022,4.º Trimestre de 2022,110610,Campolide,0012234,1A0110610,H1,Total,3559,,
2022,4.º Trimestre de 2022,110610,Campolide,0012234,1A0110610,H11,Novos,,-,Dado nulo ou não aplicável
2022,4.º Trimestre de 2022,110610,Campolide,0012234,1A0110610,H12,Existentes,3607,,
2022,4.º Trimestre de 2022,110611,Carnide,0012234,1A0110611,H1,Total,3649,,
2022,4.º Trimestre de 2022,110611,Carnide,0012234,1A0110611,H11,Novos,,-,Dado nulo ou não aplicável
2022,4.º Trimestre de 2022,110611,Carnide,0012234,1A0110611,H12,Existentes,3659,,
2022,4.º Trimestre de 2022,110618,Lumiar,0012234,1A0110618,H1,Total,3371,,
2022,4.º Trimestre de 2022,110618,Lumiar,0012234,1A0110618,H11,Novos,3116,,
2022,4.º Trimestre de 2022,110618,Lumiar,0012234,1A0110618,H12,Existentes,3510,,
2022,4.º Trimestre de 2022,110621,Marvila,0012234,1A0110621,H1,Total,5440,,
2022,4.º Trimestre de 2022,110621,Marvila,0012234,1A0110621,H11,Novos,5719,,
2022,4.º Trimestre de 2022,110621,Marvila,0012234,1A0110621,H12,Existentes,3157,,
2022,4.º Trimestre de 2022,110633,Olivais,0012234,1A0110633,H1,Total,3175,,
2022,4.º Trimestre de 2022,110633,Olivais,0012234,1A0110633,H11,Novos,4178,,
2022,4.º Trimestre de 2022,110633,Olivais,0012234,1A0110633,H12,Existentes,2851,,
2022,4.º Trimestre de 2022,110639,São Domingos de Benfica,0012234,1A0110639,H1,Total,3758,,
2022,4.º Trimestre de 2022,110639,São Domingos de Benfica,0012234,1A0110639,H11,Novos,,-,Dado nulo ou não aplicável
2022,4.º Trimestre de 2022,110639,São Domingos de Benfica,0012234,1A0110639,H12,Existentes,3749,,
2022,4.º Trimestre de 2022,110654,Alvalade,0012234,1A0110654,H1,Total,4271,,
2022,4.º Trimestre de 2022,110654,Alvalade,0012234,1A0110654,H11,Novos,6561,,
2022,4.º Trimestre de 2022,110654,Alvalade,0012234,1A0110654,H12,Existentes,4107,,
2022,4.º Trimestre de 2022,110655,Areeiro,0012234,1A0110655,H1,Total,3793,,
2022,4.º Trimestre de 2022,110655,Areeiro,0012234,1A0110655,H11,Novos,,-,Dado nulo ou não aplicável
2022,4.º Trimestre de 2022,110655,Areeiro,0012234,1A0110655,H12,Existentes,3790,,
2022,4.º Trimestre de 2022,110656,Arroios,0012234,1A0110656,H1,Total,3870,,
2022,4.º Trimestre de 2022,110656,Arroios,0012234,1A0110656,H11,Novos,5956,,
2022,4.º Trimestre de 2022,110656,Arroios,0012234,1A0110656,H12,Existentes,3707,,
2022,4.º Trimestre de 2022,110657,Avenidas Novas,0012234,1A0110657,H1,Total,4339,,
2022,4.º Trimestre de 2022,110657,Avenidas Novas,0012234,1A0110657,H11,Novos,,-,Dado nulo ou não aplicável
2022,4.º Trimestre de 2022,110657,Avenidas Novas,0012234,1A0110657,H12,Existentes,4329,,
2022,4.º Trimestre de 2022,110658,Belém,0012234,1A0110658,H1,Total,4265,,
2022,4.º Trimestre de 2022,110658,Belém,0012234,1A0110658,H11,Novos,,-,Dado nulo ou não aplicável
2022,4.º Trimestre de 2022,110658,Belém,0012234,1A0110658,H12,Existentes,4167,,
2022,4.º Trimestre de 2022,110659,Campo de Ourique,0012234,1A0110659,H1,Total,4760,,
2022,4.º Trimestre de 2022,110659,Campo de Ourique,0012234,1A0110659,H11,Novos,5981,,
2022,4.º Trimestre de 2022,110659,Campo de Ourique,0012234,1A0110659,H12,Existentes,4558,,
2022,4.º Trimestre de 2022,110660,Estrela,0012234,1A0110660,H1,Total,4448,,
2022,4.º Trimestre de 2022,110660,Estrela,0012234,1A0110660,H11,Novos,6414,,
2022,4.º Trimestre de 2022,110660,Estrela,0012234,1A0110660,H12,Existentes,4174,,
2022,4.º Trimestre de 2022,110661,Misericórdia,0012234,1A0110661,H1,Total,4449,,
2022,4.º Trimestre de 2022,110661,Misericórdia,0012234,1A0110661,H11,Novos,6352,,
2022,4.º Trimestre de 2022,110661,Misericórdia,0012234,1A0110661,H12,Existentes,4167,,
2022,4.º Trimestre de 2022,110662,Parque das Nações,0012234,1A0110662,H1,Total,4690,,
2022,4.º Trimestre de 2022,110662,Parque das Nações,0012234,1A0110662,H11,Novos,,-,Dado nulo ou não aplicável
2022,4.º Trimestre de 2022,110662,Parque das Nações,0012234,1A0110662,H12,Existentes,4671,,
2022,4.º Trimestre de 2022,110663,Penha de França,0012234,1A0110663,H1,Total,3246,,
2022,4.º Trimestre de 2022,110663,Penha de França,0012234,1A0110663,H11,Novos,,-,Dado nulo ou não aplicável
2022,4.º Trimestre de 2022,110663,Penha de França,0012234,1A0110663,H12,Existentes,3211,,
2022,4.º Trimestre de 2022,110664,Santa Clara,0012234,1A0110664,H1,Total,2622,,
2022,4.º Trimestre de 2022,110664,Santa Clara,0012234,1A0110664,H11,Novos,,-,Dado nulo ou não aplicável
2022,4.º Trimestre de 2022,110664,Santa Clara,0012234,1A0110664,H12,Existentes,2671,,
2022,4.º Trimestre de 2022,110665,Santa Maria Maior,0012234,1A0110665,H1,Total,4392,,
2022,4.º Trimestre de 2022,110665,Santa Maria Maior,0012234,1A0110665,H11,Novos,7029,,
2022,4.º Trimestre de 2022,110665,Santa Maria Maior,0012234,1A0110665,H12,Existentes,4125,,
2022,4.º Trimestre de 2022,110666,Santo António,0012234,1A0110666,H1,Total,5753,,
2022,4.º Trimestre de 2022,110666,Santo António,0012234,1A0110666,H11,Novos,6271,,
2022,4.º Trimestre de 2022,110666,Santo António,0012234,1A0110666,H12,Existentes,4862,,
2022,4.º Trimestre de 2022,110667,São Vicente,0012234,1A0110667,H1,Total,4200,,
2022,4.º Trimestre de 2022,110667,São Vicente,0012234,1A0110667,H11,Novos,5133,,
2022,4.º Trimestre de 2022,110667,São Vicente,0012234,1A0110667,H12,Existentes,3873,,
2023,4.º Trimestre de 2023,110601,Ajuda,0012234,1A0110601,H1,Total,3704,,
2023,4.º Trimestre de 2023,110601,Ajuda,0012234,1A0110601,H11,Novos,,-,Dado nulo ou não aplicável
2023,4.º Trimestre de 2023,110601,Ajuda,0012234,1A0110601,H12,Existentes,3647,,
2023,4.º Trimestre de 2023,110602,Alcântara,0012234,1A0110602,H1,Total,4253,,
2023,4.º Trimestre de 2023,110602,Alcântara,0012234,1A0110602,H11,Novos,5096,,
2023,4.º Trimestre de 2023,110602,Alcântara,0012234,1A0110602,H12,Existentes,3774,,
2023,4.º Trimestre de 2023,110607,Beato,0012234,1A0110607,H1,Total,3096,,
2023,4.º Trimestre de 2023,110607,Beato,0012234,1A0110607,H11,Novos,,-,Dado nulo ou não aplicável
2023,4.º Trimestre de 2023,110607,Beato,0012234,1A0110607,H12,Existentes,2940,,
2023,4.º Trimestre de 2023,110608,Benfica,0012234,1A0110608,H1,Total,3827,,
2023,4.º Trimestre de 2023,110608,Benfica,0012234,1A0110608,H11,Novos,4208,,
2023,4.º Trimestre de 2023,110608,Benfica,0012234,1A0110608,H12,Existentes,3529,,
2023,4.º Trimestre de 2023,110610,Campolide,0012234,1A0110610,H1,Total,4167,,
2023,4.º Trimestre de 2023,110610,Campolide,0012234,1A0110610,H11,Novos,,-,Dado nulo ou não aplicável
2023,4.º Trimestre de 2023,110610,Campolide,0012234,1A0110610,H12,Existentes,4101,,
2023,4.º Trimestre de 2023,110611,Carnide,0012234,1A0110611,H1,Total,4310,,
2023,4.º Trimestre de 2023,110611,Carnide,0012234,1A0110611,H11,Novos,4397,,
2023,4.º Trimestre de 2023,110611,Carnide,0012234,1A0110611,H12,Existentes,4178,,
2023,4.º Trimestre de 2023,110618,Lumiar,0012234,1A0110618,H1,Total,3632,,
2023,4.º Trimestre de 2023,110618,Lumiar,0012234,1A0110618,H11,Novos,3632,,
2023,4.º Trimestre de 2023,110618,Lumiar,0012234,1A0110618,H12,Existentes,3608,,
2023,4.º Trimestre de 2023,110621,Marvila,0012234,1A0110621,H1,Total,5833,,
2023,4.º Trimestre de 2023,110621,Marvila,0012234,1A0110621,H11,Novos,6093,,
2023,4.º Trimestre de 2023,110621,Marvila,0012234,1A0110621,H12,Existentes,3362,,
2023,4.º Trimestre de 2023,110633,Olivais,0012234,1A0110633,H1,Total,3487,,
2023,4.º Trimestre de 2023,110633,Olivais,0012234,1A0110633,H11,Novos,4323,,
2023,4.º Trimestre de 2023,110633,Olivais,0012234,1A0110633,H12,Existentes,3099,,
2023,4.º Trimestre de 2023,110639,São Domingos de Benfica,0012234,1A0110639,H1,Total,3966,,
2023,4.º Trimestre de 2023,110639,São Domingos de Benfica,0012234,1A0110639,H11,Novos,,-,Dado nulo ou não aplicável
2023,4.º Trimestre de 2023,110639,São Domingos de Benfica,0012234,1A0110639,H12,Existentes,3966,,
2023,4.º Trimestre de 2023,110654,Alvalade,0012234,1A0110654,H1,Total,4520,,
2023,4.º Trimestre de 2023,110654,Alvalade,0012234,1A0110654,H11,Novos,,-,Dado nulo ou não aplicável
2023,4.º Trimestre de 2023,110654,Alvalade,0012234,1A0110654,H12,Existentes,4392,,
2023,4.º Trimestre de 2023,110655,Areeiro,0012234,1A0110655,H1,Total,4470,,
2023,4.º Trimestre de 2023,110655,Areeiro,0012234,1A0110655,H11,Novos,6397,,
2023,4.º Trimestre de 2023,110655,Areeiro,0012234,1A0110655,H12,Existentes,3822,,
2023,4.º Trimestre de 2023,110656,Arroios,0012234,1A0110656,H1,Total,4163,,
2023,4.º Trimestre de 2023,110656,Arroios,0012234,1A0110656,H11,Novos,6306,,
2023,4.º Trimestre de 2023,110656,Arroios,0012234,1A0110656,H12,Existentes,3793,,
2023,4.º Trimestre de 2023,110657,Avenidas Novas,0012234,1A0110657,H1,Total,4554,,
2023,4.º Trimestre de 2023,110657,Avenidas Novas,0012234,1A0110657,H11,Novos,6173,,
2023,4.º Trimestre de 2023,110657,Avenidas Novas,0012234,1A0110657,H12,Existentes,4353,,
2023,4.º Trimestre de 2023,110658,Belém,0012234,1A0110658,H1,Total,4483,,
2023,4.º Trimestre de 2023,110658,Belém,0012234,1A0110658,H11,Novos,,-,Dado nulo ou não aplicável
2023,4.º Trimestre de 2023,110658,Belém,0012234,1A0110658,H12,Existentes,4500,,
2023,4.º Trimestre de 2023,110659,Campo de Ourique,0012234,1A0110659,H1,Total,4769,,
2023,4.º Trimestre de 2023,110659,Campo de Ourique,0012234,1A0110659,H11,Novos,,-,Dado nulo ou não aplicável
2023,4.º Trimestre de 2023,110659,Campo de Ourique,0012234,1A0110659,H12,Existentes,4752,,
2023,4.º Trimestre de 2023,110660,Estrela,0012234,1A0110660,H1,Total,5051,,
2023,4.º Trimestre de 2023,110660,Estrela,0012234,1A0110660,H11,Novos,6458,,
2023,4.º Trimestre de 2023,110660,Estrela,0012234,1A0110660,H12,Existentes,4500,,
2023,4.º Trimestre de 2023,110661,Misericórdia,0012234,1A0110661,H1,Total,5288,,
2023,4.º Trimestre de 2023,110661,Misericórdia,0012234,1A0110661,H11,Novos,6639,,
2023,4.º Trimestre de 2023,110661,Misericórdia,0012234,1A0110661,H12,Existentes,4655,,
2023,4.º Trimestre de 2023,110662,Parque das Nações,0012234,1A0110662,H1,Total,5077,,
2023,4.º Trimestre de 2023,110662,Parque das Nações,0012234,1A0110662,H11,Novos,,-,Dado nulo ou não aplicável
2023,4.º Trimestre de 2023,110662,Parque das Nações,0012234,1A0110662,H12,Existentes,5030,,
2023,4.º Trimestre de 2023,110663,Penha de França,0012234,1A0110663,H1,Total,3570,,
2023,4.º Trimestre de 2023,110663,Penha de França,0012234,1A0110663,H11,Novos,,-,Dado nulo ou não aplicável
2023,4.º Trimestre de 2023,110663,Penha de França,0012234,1A0110663,H12,Existentes,3549,,
2023,4.º Trimestre de 2023,110664,Santa Clara,0012234,1A0110664,H1,Total,2783,,
2023,4.º Trimestre de 2023,110664,Santa Clara,0012234,1A0110664,H11,Novos,,-,Dado nulo ou não aplicável
2023,4.º Trimestre de 2023,110664,Santa Clara,0012234,1A0110664,H12,Existentes,2751,,
2023,4.º Trimestre de 2023,110665,Santa Maria Maior,0012234,1A0110665,H1,Total,4928,,
2023,4.º Trimestre de 2023,110665,Santa Maria Maior,0012234,1A0110665,H11,Novos,6591,,
2023,4.º Trimestre de 2023,110665,Santa Maria Maior,0012234,1A0110665,H12,Existentes,4596,,
2023,4.º Trimestre de 2023,110666,Santo António,0012234,1A0110666,H1,Total,6458,,
2023,4.º Trimestre de 2023,110666,Santo António,0012234,1A0110666,H11,Novos,6912,,
2023,4.º Trimestre de 2023,110666,Santo António,0012234,1A0110666,H12,Existentes,5768,,
2023,4.º Trimestre de 2023,110667,São Vicente,0012234,1A0110667,H1,Total,4052,,
2023,4.º Trimestre de 2023,110667,São Vicente,0012234,1A0110667,H11,Novos,,-,Dado nulo ou não aplicável
2023,4.º Trimestre de 2023,110667,São Vicente,0012234,1A0110667,H12,Existentes,4000,,
2024,4.º Trimestre de 2024,110601,Ajuda,0012234,1A0110601,H1,Total,4082,,
2024,4.º Trimestre de 2024,110601,Ajuda,0012234,1A0110601,H11,Novos,3995,,
2024,4.º Trimestre de 2024,110601,Ajuda,0012234,1A0110601,H12,Existentes,4167,,
2024,4.º Trimestre de 2024,110602,Alcântara,0012234,1A0110602,H1,Total,4363,,
2024,4.º Trimestre de 2024,110602,Alcântara,0012234,1A0110602,H11,Novos,5221,,
2024,4.º Trimestre de 2024,110602,Alcântara,0012234,1A0110602,H12,Existentes,4187,,
2024,4.º Trimestre de 2024,110607,Beato,0012234,1A0110607,H1,Total,3982,,
2024,4.º Trimestre de 2024,110607,Beato,0012234,1A0110607,H11,Novos,4948,,
2024,4.º Trimestre de 2024,110607,Beato,0012234,1A0110607,H12,Existentes,3453,,
2024,4.º Trimestre de 2024,110608,Benfica,0012234,1A0110608,H1,Total,3971,,
2024,4.º Trimestre de 2024,110608,Benfica,0012234,1A0110608,H11,Novos,4226,,
2024,4.º Trimestre de 2024,110608,Benfica,0012234,1A0110608,H12,Existentes,3873,,
2024,4.º Trimestre de 2024,110610,Campolide,0012234,1A0110610,H1,Total,4773,,
2024,4.º Trimestre de 2024,110610,Campolide,0012234,1A0110610,H11,Novos,7378,,
2024,4.º Trimestre de 2024,110610,Campolide,0012234,1A0110610,H12,Existentes,4542,,
2024,4.º Trimestre de 2024,110611,Carnide,0012234,1A0110611,H1,Total,4197,,
2024,4.º Trimestre de 2024,110611,Carnide,0012234,1A0110611,H11,Novos,,-,Dado nulo ou não aplicável
2024,4.º Trimestre de 2024,110611,Carnide,0012234,1A0110611,H12,Existentes,4148,,
2024,4.º Trimestre de 2024,110618,Lumiar,0012234,1A0110618,H1,Total,3885,,
2024,4.º Trimestre de 2024,110618,Lumiar,0012234,1A0110618,H11,Novos,3861,,
2024,4.º Trimestre de 2024,110618,Lumiar,0012234,1A0110618,H12,Existentes,3933,,
2024,4.º Trimestre de 2024,110621,Marvila,0012234,1A0110621,H1,Total,5623,,
2024,4.º Trimestre de 2024,110621,Marvila,0012234,1A0110621,H11,Novos,6073,,
2024,4.º Trimestre de 2024,110621,Marvila,0012234,1A0110621,H12,Existentes,3564,,
2024,4.º Trimestre de 2024,110633,Olivais,0012234,1A0110633,H1,Total,3523,,
2024,4.º Trimestre de 2024,110633,Olivais,0012234,1A0110633,H11,Novos,,-,Dado nulo ou não aplicável
2024,4.º Trimestre de 2024,110633,Olivais,0012234,1A0110633,H12,Existentes,3365,,
2024,4.º Trimestre de 2024,110639,São Domingos de Benfica,0012234,1A0110639,H1,Total,4198,,
2024,4.º Trimestre de 2024,110639,São Domingos de Benfica,0012234,1A0110639,H11,Novos,,-,Dado nulo ou não aplicável
2024,4.º Trimestre de 2024,110639,São Domingos de Benfica,0012234,1A0110639,H12,Existentes,4157,,
2024,4.º Trimestre de 2024,110654,Alvalade,0012234,1A0110654,H1,Total,4647,,
2024,4.º Trimestre de 2024,110654,Alvalade,0012234,1A0110654,H11,Novos,6378,,
2024,4.º Trimestre de 2024,110654,Alvalade,0012234,1A0110654,H12,Existentes,4524,,
2024,4.º Trimestre de 2024,110655,Areeiro,0012234,1A0110655,H1,Total,4853,,
2024,4.º Trimestre de 2024,110655,Areeiro,0012234,1A0110655,H11,Novos,6850,,
2024,4.º Trimestre de 2024,110655,Areeiro,0012234,1A0110655,H12,Existentes,4280,,
2024,4.º Trimestre de 2024,110656,Arroios,0012234,1A0110656,H1,Total,4271,,
2024,4.º Trimestre de 2024,110656,Arroios,0012234,1A0110656,H11,Novos,5734,,
2024,4.º Trimestre de 2024,110656,Arroios,0012234,1A0110656,H12,Existentes,4101,,
2024,4.º Trimestre de 2024,110657,Avenidas Novas,0012234,1A0110657,H1,Total,4680,,
2024,4.º Trimestre de 2024,110657,Avenidas Novas,0012234,1A0110657,H11,Novos,5720,,
2024,4.º Trimestre de 2024,110657,Avenidas Novas,0012234,1A0110657,H12,Existentes,4601,,
2024,4.º Trimestre de 2024,110658,Belém,0012234,1A0110658,H1,Total,4917,,
2024,4.º Trimestre de 2024,110658,Belém,0012234,1A0110658,H11,Novos,5762,,
2024,4.º Trimestre de 2024,110658,Belém,0012234,1A0110658,H12,Existentes,4793,,
2024,4.º Trimestre de 2024,110659,Campo de Ourique,0012234,1A0110659,H1,Total,5204,,
2024,4.º Trimestre de 2024,110659,Campo de Ourique,0012234,1A0110659,H11,Novos,6256,,
2024,4.º Trimestre de 2024,110659,Campo de Ourique,0012234,1A0110659,H12,Existentes,5000,,
2024,4.º Trimestre de 2024,110660,Estrela,0012234,1A0110660,H1,Total,5474,,
2024,4.º Trimestre de 2024,110660,Estrela,0012234,1A0110660,H11,Novos,6874,,
2024,4.º Trimestre de 2024,110660,Estrela,0012234,1A0110660,H12,Existentes,5063,,
2024,4.º Trimestre de 2024,110661,Misericórdia,0012234,1A0110661,H1,Total,5405,,
2024,4.º Trimestre de 2024,110661,Misericórdia,0012234,1A0110661,H11,Novos,6227,,
2024,4.º Trimestre de 2024,110661,Misericórdia,0012234,1A0110661,H12,Existentes,5108,,
2024,4.º Trimestre de 2024,110662,Parque das Nações,0012234,1A0110662,H1,Total,5171,,
2024,4.º Trimestre de 2024,110662,Parque das Nações,0012234,1A0110662,H11,Novos,,-,Dado nulo ou não aplicável
2024,4.º Trimestre de 2024,110662,Parque das Nações,0012234,1A0110662,H12,Existentes,5241,,
2024,4.º Trimestre de 2024,110663,Penha de França,0012234,1A0110663,H1,Total,3649,,
2024,4.º Trimestre de 2024,110663,Penha de França,0012234,1A0110663,H11,Novos,3052,,
2024,4.º Trimestre de 2024,110663,Penha de França,0012234,1A0110663,H12,Existentes,3688,,
2024,4.º Trimestre de 2024,110664,Santa Clara,0012234,1A0110664,H1,Total,3416,,
2024,4.º Trimestre de 2024,110664,Santa Clara,0012234,1A0110664,H11,Novos,3790,,
2024,4.º Trimestre de 2024,110664,Santa Clara,0012234,1A0110664,H12,Existentes,2960,,
2024,4.º Trimestre de 2024,110665,Santa Maria Maior,0012234,1A0110665,H1,Total,5200,,
2024,4.º Trimestre de 2024,110665,Santa Maria Maior,0012234,1A0110665,H11,Novos,5843,,
2024,4.º Trimestre de 2024,110665,Santa Maria Maior,0012234,1A0110665,H12,Existentes,4974,,
2024,4.º Trimestre de 2024,110666,Santo António,0012234,1A0110666,H1,Total,5879,,
2024,4.º Trimestre de 2024,110666,Santo António,0012234,1A0110666,H11,Novos,7369,,
2024,4.º Trimestre de 2024,110666,Santo António,0012234,1A0110666,H12,Existentes,5324,,
2024,4.º Trimestre de 2024,110667,São Vicente,0012234,1A0110667,H1,Total,4638,,
2024,4.º Trimestre de 2024,110667,São Vicente,0012234,1A0110667,H11,Novos,6397,,
2024,4.º Trimestre de 2024,110667,São Vicente,0012234,1A0110667,H12,Existentes,4029,,
2025,4.º Trimestre de 2025,110601,Ajuda,0012234,1A0110601,H1,Total,4874,,
2025,4.º Trimestre de 2025,110601,Ajuda,0012234,1A0110601,H11,Novos,,-,Dado nulo ou não aplicável
2025,4.º Trimestre de 2025,110601,Ajuda,0012234,1A0110601,H12,Existentes,4898,,
2025,4.º Trimestre de 2025,110602,Alcântara,0012234,1A0110602,H1,Total,4658,,
2025,4.º Trimestre de 2025,110602,Alcântara,0012234,1A0110602,H11,Novos,,-,Dado nulo ou não aplicável
2025,4.º Trimestre de 2025,110602,Alcântara,0012234,1A0110602,H12,Existentes,4565,,
2025,4.º Trimestre de 2025,110607,Beato,0012234,1A0110607,H1,Total,4348,,
2025,4.º Trimestre de 2025,110607,Beato,0012234,1A0110607,H11,Novos,5159,,
2025,4.º Trimestre de 2025,110607,Beato,0012234,1A0110607,H12,Existentes,4126,,
2025,4.º Trimestre de 2025,110608,Benfica,0012234,1A0110608,H1,Total,4392,,
2025,4.º Trimestre de 2025,110608,Benfica,0012234,1A0110608,H11,Novos,,-,Dado nulo ou não aplicável
2025,4.º Trimestre de 2025,110608,Benfica,0012234,1A0110608,H12,Existentes,4393,,
2025,4.º Trimestre de 2025,110610,Campolide,0012234,1A0110610,H1,Total,5346,,
2025,4.º Trimestre de 2025,110610,Campolide,0012234,1A0110610,H11,Novos,7204,,
2025,4.º Trimestre de 2025,110610,Campolide,0012234,1A0110610,H12,Existentes,5183,,
2025,4.º Trimestre de 2025,110611,Carnide,0012234,1A0110611,H1,Total,4436,,
2025,4.º Trimestre de 2025,110611,Carnide,0012234,1A0110611,H11,Novos,,-,Dado nulo ou não aplicável
2025,4.º Trimestre de 2025,110611,Carnide,0012234,1A0110611,H12,Existentes,4484,,
2025,4.º Trimestre de 2025,110618,Lumiar,0012234,1A0110618,H1,Total,4548,,
2025,4.º Trimestre de 2025,110618,Lumiar,0012234,1A0110618,H11,Novos,4567,,
2025,4.º Trimestre de 2025,110618,Lumiar,0012234,1A0110618,H12,Existentes,4547,,
2025,4.º Trimestre de 2025,110621,Marvila,0012234,1A0110621,H1,Total,5029,,
2025,4.º Trimestre de 2025,110621,Marvila,0012234,1A0110621,H11,Novos,5167,,
2025,4.º Trimestre de 2025,110621,Marvila,0012234,1A0110621,H12,Existentes,4867,,
2025,4.º Trimestre de 2025,110633,Olivais,0012234,1A0110633,H1,Total,4238,,
2025,4.º Trimestre de 2025,110633,Olivais,0012234,1A0110633,H11,Novos,4983,,
2025,4.º Trimestre de 2025,110633,Olivais,0012234,1A0110633,H12,Existentes,4034,,
2025,4.º Trimestre de 2025,110639,São Domingos de Benfica,0012234,1A0110639,H1,Total,4883,,
2025,4.º Trimestre de 2025,110639,São Domingos de Benfica,0012234,1A0110639,H11,Novos,6732,,
2025,4.º Trimestre de 2025,110639,São Domingos de Benfica,0012234,1A0110639,H12,Existentes,4730,,
2025,4.º Trimestre de 2025,110654,Alvalade,0012234,1A0110654,H1,Total,4922,,
2025,4.º Trimestre de 2025,110654,Alvalade,0012234,1A0110654,H11,Novos,,-,Dado nulo ou não aplicável
2025,4.º Trimestre de 2025,110654,Alvalade,0012234,1A0110654,H12,Existentes,4901,,
2025,4.º Trimestre de 2025,110655,Areeiro,0012234,1A0110655,H1,Total,4552,,
2025,4.º Trimestre de 2025,110655,Areeiro,0012234,1A0110655,H11,Novos,7221,,
2025,4.º Trimestre de 2025,110655,Areeiro,0012234,1A0110655,H12,Existentes,4363,,
2025,4.º Trimestre de 2025,110656,Arroios,0012234,1A0110656,H1,Total,4523,,
2025,4.º Trimestre de 2025,110656,Arroios,0012234,1A0110656,H11,Novos,4724,,
2025,4.º Trimestre de 2025,110656,Arroios,0012234,1A0110656,H12,Existentes,4500,,
2025,4.º Trimestre de 2025,110657,Avenidas Novas,0012234,1A0110657,H1,Total,5465,,
2025,4.º Trimestre de 2025,110657,Avenidas Novas,0012234,1A0110657,H11,Novos,7258,,
2025,4.º Trimestre de 2025,110657,Avenidas Novas,0012234,1A0110657,H12,Existentes,5156,,
2025,4.º Trimestre de 2025,110658,Belém,0012234,1A0110658,H1,Total,5156,,
2025,4.º Trimestre de 2025,110658,Belém,0012234,1A0110658,H11,Novos,5882,,
2025,4.º Trimestre de 2025,110658,Belém,0012234,1A0110658,H12,Existentes,5052,,
2025,4.º Trimestre de 2025,110659,Campo de Ourique,0012234,1A0110659,H1,Total,5890,,
2025,4.º Trimestre de 2025,110659,Campo de Ourique,0012234,1A0110659,H11,Novos,7000,,
2025,4.º Trimestre de 2025,110659,Campo de Ourique,0012234,1A0110659,H12,Existentes,5607,,
2025,4.º Trimestre de 2025,110660,Estrela,0012234,1A0110660,H1,Total,5629,,
2025,4.º Trimestre de 2025,110660,Estrela,0012234,1A0110660,H11,Novos,6206,,
2025,4.º Trimestre de 2025,110660,Estrela,0012234,1A0110660,H12,Existentes,5455,,
2025,4.º Trimestre de 2025,110661,Misericórdia,0012234,1A0110661,H1,Total,5569,,
2025,4.º Trimestre de 2025,110661,Misericórdia,0012234,1A0110661,H11,Novos,6557,,
2025,4.º Trimestre de 2025,110661,Misericórdia,0012234,1A0110661,H12,Existentes,5445,,
2025,4.º Trimestre de 2025,110662,Parque das Nações,0012234,1A0110662,H1,Total,6317,,
2025,4.º Trimestre de 2025,110662,Parque das Nações,0012234,1A0110662,H11,Novos,7325,,
2025,4.º Trimestre de 2025,110662,Parque das Nações,0012234,1A0110662,H12,Existentes,5653,,
2025,4.º Trimestre de 2025,110663,Penha de França,0012234,1A0110663,H1,Total,4282,,
2025,4.º Trimestre de 2025,110663,Penha de França,0012234,1A0110663,H11,Novos,,-,Dado nulo ou não aplicável
2025,4.º Trimestre de 2025,110663,Penha de França,0012234,1A0110663,H12,Existentes,4250,,
2025,4.º Trimestre de 2025,110664,Santa Clara,0012234,1A0110664,H1,Total,3727,,
2025,4.º Trimestre de 2025,110664,Santa Clara,0012234,1A0110664,H11,Novos,,-,Dado nulo ou não aplicável
2025,4.º Trimestre de 2025,110664,Santa Clara,0012234,1A0110664,H12,Existentes,3652,,
2025,4.º Trimestre de 2025,110665,Santa Maria Maior,0012234,1A0110665,H1,Total,5000,,
2025,4.º Trimestre de 2025,110665,Santa Maria Maior,0012234,1A0110665,H11,Novos,5651,,
2025,4.º Trimestre de 2025,110665,Santa Maria Maior,0012234,1A0110665,H12,Existentes,4806,,
2025,4.º Trimestre de 2025,110666,Santo António,0012234,1A0110666,H1,Total,6819,,
2025,4.º Trimestre de 2025,110666,Santo António,0012234,1A0110666,H11,Novos,9380,,
2025,4.º Trimestre de 2025,110666,Santo António,0012234,1A0110666,H12,Existentes,6000,,
2025,4.º Trimestre de 2025,110667,São Vicente,0012234,1A0110667,H1,Total,4787,,
2025,4.º Trimestre de 2025,110667,São Vicente,0012234,1A0110667,H11,Novos,5606,,
2025,4.º Trimestre de 2025,110667,São Vicente,0012234,1A0110667,H12,Existentes,4714,,
