year,period_code,geography_level,geography_id,geography_name,indicator_code,source_geography_code,sales
2019,4.º Trimestre de 2019,municipality,1106,Lisboa,0014363,1A01106,8665
2019,4.º Trimestre de 2019,parish,110601,Ajuda,0014363,1A0110601,264
2019,4.º Trimestre de 2019,parish,110602,Alcântara,0014363,1A0110602,233
2019,4.º Trimestre de 2019,parish,110607,Beato,0014363,1A0110607,169
2019,4.º Trimestre de 2019,parish,110608,Benfica,0014363,1A0110608,520
2019,4.º Trimestre de 2019,parish,110610,Campolide,0014363,1A0110610,243
2019,4.º Trimestre de 2019,parish,110611,Carnide,0014363,1A0110611,166
2019,4.º Trimestre de 2019,parish,110618,Lumiar,0014363,1A0110618,648
2019,4.º Trimestre de 2019,parish,110621,Marvila,0014363,1A0110621,109
2019,4.º Trimestre de 2019,parish,110633,Olivais,0014363,1A0110633,339
2019,4.º Trimestre de 2019,parish,110639,São Domingos de Benfica,0014363,1A0110639,450
2019,4.º Trimestre de 2019,parish,110654,Alvalade,0014363,1A0110654,367
2019,4.º Trimestre de 2019,parish,110655,Areeiro,0014363,1A0110655,299
2019,4.º Trimestre de 2019,parish,110656,Arroios,0014363,1A0110656,704
2019,4.º Trimestre de 2019,parish,110657,Avenidas Novas,0014363,1A0110657,543
2019,4.º Trimestre de 2019,parish,110658,Belém,0014363,1A0110658,271
2019,4.º Trimestre de 2019,parish,110659,Campo de Ourique,0014363,1A0110659,370
2019,4.º Trimestre de 2019,parish,110660,Estrela,0014363,1A0110660,449
2019,4.º Trimestre de 2019,parish,110661,Misericórdia,0014363,1A0110661,361
2019,4.º Trimestre de 2019,parish,110662,Parque das Nações,0014363,1A0110662,308
2019,4.º Trimestre de 2019,parish,110663,Penha de França,0014363,1A0110663,535
2019,4.º Trimestre de 2019,parish,110664,Santa Clara,0014363,1A0110664,138
2019,4.º Trimestre de 2019,parish,110665,Santa Maria Maior,0014363,1A0110665,398
2019,4.º Trimestre de 2019,parish,110666,Santo António,0014363,1A0110666,455
2019,4.º Trimestre de 2019,parish,110667,São Vicente,0014363,1A0110667,326
2020,4.º Trimestre de 2020,municipality,1106,Lisboa,0014363,1A01106,7291
2020,4.º Trimestre de 2020,parish,110601,Ajuda,0014363,1A0110601,200
2020,4.º Trimestre de 2020,parish,110602,Alcântara,0014363,1A0110602,219
2020,4.º Trimestre de 2020,parish,110607,Beato,0014363,1A0110607,116
2020,4.º Trimestre de 2020,parish,110608,Benfica,0014363,1A0110608,466
2020,4.º Trimestre de 2020,parish,110610,Campolide,0014363,1A0110610,190
2020,4.º Trimestre de 2020,parish,110611,Carnide,0014363,1A0110611,115
2020,4.º Trimestre de 2020,parish,110618,Lumiar,0014363,1A0110618,519
2020,4.º Trimestre de 2020,parish,110621,Marvila,0014363,1A0110621,56
2020,4.º Trimestre de 2020,parish,110633,Olivais,0014363,1A0110633,250
2020,4.º Trimestre de 2020,parish,110639,São Domingos de Benfica,0014363,1A0110639,408
2020,4.º Trimestre de 2020,parish,110654,Alvalade,0014363,1A0110654,335
2020,4.º Trimestre de 2020,parish,110655,Areeiro,0014363,1A0110655,239
2020,4.º Trimestre de 2020,parish,110656,Arroios,0014363,1A0110656,631
2020,4.º Trimestre de 2020,parish,110657,Avenidas Novas,0014363,1A0110657,426
2020,4.º Trimestre de 2020,parish,110658,Belém,0014363,1A0110658,225
2020,4.º Trimestre de 2020,parish,110659,Campo de Ourique,0014363,1A0110659,344
2020,4.º Trimestre de 2020,parish,110660,Estrela,0014363,1A0110660,408
2020,4.º Trimestre de 2020,parish,110661,Misericórdia,0014363,1A0110661,313
2020,4.º Trimestre de 2020,parish,110662,Parque das Nações,0014363,1A0110662,277
2020,4.º Trimestre de 2020,parish,110663,Penha de França,0014363,1A0110663,381
2020,4.º Trimestre de 2020,parish,110664,Santa Clara,0014363,1A0110664,97
2020,4.º Trimestre de 2020,parish,110665,Santa Maria Maior,0014363,1A0110665,315
2020,4.º Trimestre de 2020,parish,110666,Santo António,0014363,1A0110666,399
2020,4.º Trimestre de 2020,parish,110667,São Vicente,0014363,1A0110667,362
2021,4.º Trimestre de 2021,municipality,1106,Lisboa,0014363,1A01106,7934
2021,4.º Trimestre de 2021,parish,110601,Ajuda,0014363,1A0110601,213
2021,4.º Trimestre de 2021,parish,110602,Alcântara,0014363,1A0110602,242
2021,4.º Trimestre de 2021,parish,110607,Beato,0014363,1A0110607,127
2021,4.º Trimestre de 2021,parish,110608,Benfica,0014363,1A0110608,548
2021,4.º Trimestre de 2021,parish,110610,Campolide,0014363,1A0110610,199
2021,4.º Trimestre de 2021,parish,110611,Carnide,0014363,1A0110611,123
2021,4.º Trimestre de 2021,parish,110618,Lumiar,0014363,1A0110618,469
2021,4.º Trimestre de 2021,parish,110621,Marvila,0014363,1A0110621,129
2021,4.º Trimestre de 2021,parish,110633,Olivais,0014363,1A0110633,326
2021,4.º Trimestre de 2021,parish,110639,São Domingos de Benfica,0014363,1A0110639,427
2021,4.º Trimestre de 2021,parish,110654,Alvalade,0014363,1A0110654,346
2021,4.º Trimestre de 2021,parish,110655,Areeiro,0014363,1A0110655,233
2021,4.º Trimestre de 2021,parish,110656,Arroios,0014363,1A0110656,716
2021,4.º Trimestre de 2021,parish,110657,Avenidas Novas,0014363,1A0110657,454
2021,4.º Trimestre de 2021,parish,110658,Belém,0014363,1A0110658,242
2021,4.º Trimestre de 2021,parish,110659,Campo de Ourique,0014363,1A0110659,416
2021,4.º Trimestre de 2021,parish,110660,Estrela,0014363,1A0110660,518
2021,4.º Trimestre de 2021,parish,110661,Misericórdia,0014363,1A0110661,307
2021,4.º Trimestre de 2021,parish,110662,Parque das Nações,0014363,1A0110662,310
2021,4.º Trimestre de 2021,parish,110663,Penha de França,0014363,1A0110663,446
2021,4.º Trimestre de 2021,parish,110664,Santa Clara,0014363,1A0110664,117
2021,4.º Trimestre de 2021,parish,110665,Santa Maria Maior,0014363,1A0110665,274
2021,4.º Trimestre de 2021,parish,110666,Santo António,0014363,1A0110666,461
2021,4.º Trimestre de 2021,parish,110667,São Vicente,0014363,1A0110667,291
2022,4.º Trimestre de 2022,municipality,1106,Lisboa,0014363,1A01106,8083
2022,4.º Trimestre de 2022,parish,110601,Ajuda,0014363,1A0110601,236
2022,4.º Trimestre de 2022,parish,110602,Alcântara,0014363,1A0110602,238
2022,4.º Trimestre de 2022,parish,110607,Beato,0014363,1A0110607,142
2022,4.º Trimestre de 2022,parish,110608,Benfica,0014363,1A0110608,501
2022,4.º Trimestre de 2022,parish,110610,Campolide,0014363,1A0110610,187
2022,4.º Trimestre de 2022,parish,110611,Carnide,0014363,1A0110611,143
2022,4.º Trimestre de 2022,parish,110618,Lumiar,0014363,1A0110618,545
2022,4.º Trimestre de 2022,parish,110621,Marvila,0014363,1A0110621,199
2022,4.º Trimestre de 2022,parish,110633,Olivais,0014363,1A0110633,424
2022,4.º Trimestre de 2022,parish,110639,São Domingos de Benfica,0014363,1A0110639,374
2022,4.º Trimestre de 2022,parish,110654,Alvalade,0014363,1A0110654,378
2022,4.º Trimestre de 2022,parish,110655,Areeiro,0014363,1A0110655,257
2022,4.º Trimestre de 2022,parish,110656,Arroios,0014363,1A0110656,673
2022,4.º Trimestre de 2022,parish,110657,Avenidas Novas,0014363,1A0110657,410
2022,4.º Trimestre de 2022,parish,110658,Belém,0014363,1A0110658,202
2022,4.º Trimestre de 2022,parish,110659,Campo de Ourique,0014363,1A0110659,361
2022,4.º Trimestre de 2022,parish,110660,Estrela,0014363,1A0110660,427
2022,4.º Trimestre de 2022,parish,110661,Misericórdia,0014363,1A0110661,370
2022,4.º Trimestre de 2022,parish,110662,Parque das Nações,0014363,1A0110662,222
2022,4.º Trimestre de 2022,parish,110663,Penha de França,0014363,1A0110663,507
2022,4.º Trimestre de 2022,parish,110664,Santa Clara,0014363,1A0110664,138
2022,4.º Trimestre de 2022,parish,110665,Santa Maria Maior,0014363,1A0110665,286
2022,4.º Trimestre de 2022,parish,110666,Santo António,0014363,1A0110666,456
2022,4.º Trimestre de 2022,parish,110667,São Vicente,0014363,1A0110667,407
2023,4.º Trimestre de 2023,municipality,1106,Lisboa,0014363,1A01106,7215
2023,4.º Trimestre de 2023,parish,110601,Ajuda,0014363,1A0110601,188
2023,4.º Trimestre de 2023,parish,110602,Alcântara,0014363,1A0110602,233
2023,4.º Trimestre de 2023,parish,110607,Beato,0014363,1A0110607,114
2023,4.º Trimestre de 2023,parish,110608,Benfica,0014363,1A0110608,613
2023,4.º Trimestre de 2023,parish,110610,Campolide,0014363,1A0110610,145
2023,4.º Trimestre de 2023,parish,110611,Carnide,0014363,1A0110611,167
2023,4.º Trimestre de 2023,parish,110618,Lumiar,0014363,1A0110618,536
2023,4.º Trimestre de 2023,parish,110621,Marvila,0014363,1A0110621,170
2023,4.º Trimestre de 2023,parish,110633,Olivais,0014363,1A0110633,287
2023,4.º Trimestre de 2023,parish,110639,São Domingos de Benfica,0014363,1A0110639,315
2023,4.º Trimestre de 2023,parish,110654,Alvalade,0014363,1A0110654,284
2023,4.º Trimestre de 2023,parish,110655,Areeiro,0014363,1A0110655,326
2023,4.º Trimestre de 2023,parish,110656,Arroios,0014363,1A0110656,646
2023,4.º Trimestre de 2023,parish,110657,Avenidas Novas,0014363,1A0110657,333
2023,4.º Trimestre de 2023,parish,110658,Belém,0014363,1A0110658,150
2023,4.º Trimestre de 2023,parish,110659,Campo de Ourique,0014363,1A0110659,273
2023,4.º Trimestre de 2023,parish,110660,Estrela,0014363,1A0110660,481
2023,4.º Trimestre de 2023,parish,110661,Misericórdia,0014363,1A0110661,342
2023,4.º Trimestre de 2023,parish,110662,Parque das Nações,0014363,1A0110662,201
2023,4.º Trimestre de 2023,parish,110663,Penha de França,0014363,1A0110663,440
2023,4.º Trimestre de 2023,parish,110664,Santa Clara,0014363,1A0110664,88
2023,4.º Trimestre de 2023,parish,110665,Santa Maria Maior,0014363,1A0110665,290
2023,4.º Trimestre de 2023,parish,110666,Santo António,0014363,1A0110666,364
2023,4.º Trimestre de 2023,parish,110667,São Vicente,0014363,1A0110667,229
2024,4.º Trimestre de 2024,municipality,1106,Lisboa,0014363,1A01106,8300
2024,4.º Trimestre de 2024,parish,110601,Ajuda,0014363,1A0110601,232
2024,4.º Trimestre de 2024,parish,110602,Alcântara,0014363,1A0110602,262
2024,4.º Trimestre de 2024,parish,110607,Beato,0014363,1A0110607,139
2024,4.º Trimestre de 2024,parish,110608,Benfica,0014363,1A0110608,592
2024,4.º Trimestre de 2024,parish,110610,Campolide,0014363,1A0110610,204
2024,4.º Trimestre de 2024,parish,110611,Carnide,0014363,1A0110611,114
2024,4.º Trimestre de 2024,parish,110618,Lumiar,0014363,1A0110618,802
2024,4.º Trimestre de 2024,parish,110621,Marvila,0014363,1A0110621,178
2024,4.º Trimestre de 2024,parish,110633,Olivais,0014363,1A0110633,304
2024,4.º Trimestre de 2024,parish,110639,São Domingos de Benfica,0014363,1A0110639,391
2024,4.º Trimestre de 2024,parish,110654,Alvalade,0014363,1A0110654,384
2024,4.º Trimestre de 2024,parish,110655,Areeiro,0014363,1A0110655,388
2024,4.º Trimestre de 2024,parish,110656,Arroios,0014363,1A0110656,601
2024,4.º Trimestre de 2024,parish,110657,Avenidas Novas,0014363,1A0110657,364
2024,4.º Trimestre de 2024,parish,110658,Belém,0014363,1A0110658,229
2024,4.º Trimestre de 2024,parish,110659,Campo de Ourique,0014363,1A0110659,378
2024,4.º Trimestre de 2024,parish,110660,Estrela,0014363,1A0110660,496
2024,4.º Trimestre de 2024,parish,110661,Misericórdia,0014363,1A0110661,307
2024,4.º Trimestre de 2024,parish,110662,Parque das Nações,0014363,1A0110662,249
2024,4.º Trimestre de 2024,parish,110663,Penha de França,0014363,1A0110663,469
2024,4.º Trimestre de 2024,parish,110664,Santa Clara,0014363,1A0110664,186
2024,4.º Trimestre de 2024,parish,110665,Santa Maria Maior,0014363,1A0110665,289
2024,4.º Trimestre de 2024,parish,110666,Santo António,0014363,1A0110666,368
2024,4.º Trimestre de 2024,parish,110667,São Vicente,0014363,1A0110667,374
2025,4.º Trimestre de 2025,municipality,1106,Lisboa,0014363,1A01106,8235
2025,4.º Trimestre de 2025,parish,110601,Ajuda,0014363,1A0110601,244
2025,4.º Trimestre de 2025,parish,110602,Alcântara,0014363,1A0110602,215
2025,4.º Trimestre de 2025,parish,110607,Beato,0014363,1A0110607,193
2025,4.º Trimestre de 2025,parish,110608,Benfica,0014363,1A0110608,515
2025,4.º Trimestre de 2025,parish,110610,Campolide,0014363,1A0110610,273
2025,4.º Trimestre de 2025,parish,110611,Carnide,0014363,1A0110611,111
2025,4.º Trimestre de 2025,parish,110618,Lumiar,0014363,1A0110618,602
2025,4.º Trimestre de 2025,parish,110621,Marvila,0014363,1A0110621,106
2025,4.º Trimestre de 2025,parish,110633,Olivais,0014363,1A0110633,331
2025,4.º Trimestre de 2025,parish,110639,São Domingos de Benfica,0014363,1A0110639,426
2025,4.º Trimestre de 2025,parish,110654,Alvalade,0014363,1A0110654,301
2025,4.º Trimestre de 2025,parish,110655,Areeiro,0014363,1A0110655,257
2025,4.º Trimestre de 2025,parish,110656,Arroios,0014363,1A0110656,673
2025,4.º Trimestre de 2025,parish,110657,Avenidas Novas,0014363,1A0110657,438
2025,4.º Trimestre de 2025,parish,110658,Belém,0014363,1A0110658,233
2025,4.º Trimestre de 2025,parish,110659,Campo de Ourique,0014363,1A0110659,336
2025,4.º Trimestre de 2025,parish,110660,Estrela,0014363,1A0110660,470
2025,4.º Trimestre de 2025,parish,110661,Misericórdia,0014363,1A0110661,364
2025,4.º Trimestre de 2025,parish,110662,Parque das Nações,0014363,1A0110662,410
2025,4.º Trimestre de 2025,parish,110663,Penha de França,0014363,1A0110663,562
2025,4.º Trimestre de 2025,parish,110664,Santa Clara,0014363,1A0110664,132
2025,4.º Trimestre de 2025,parish,110665,Santa Maria Maior,0014363,1A0110665,320
2025,4.º Trimestre de 2025,parish,110666,Santo António,0014363,1A0110666,360
2025,4.º Trimestre de 2025,parish,110667,São Vicente,0014363,1A0110667,363
